email_index,word_index,count
0,54,1
0,108,1
0,212,1
0,259,1
0,260,2
0,341,1
0,400,2
0,687,1
0,957,5
0,1061,1
0,1183,1
0,1315,2
0,1564,1
0,1597,2
0,1671,1
0,2491,5
0,2536,1
0,2792,1
0,2825,5
0,2869,1
0,2948,4
0,2976,1
0,2990,1
0,3054,2
0,3215,1
0,3330,1
0,3354,1
0,3370,2
0,3559,2
0,3732,1
0,3869,1
0,3941,1
0,4187,1
0,4358,1
0,4391,2
0,4440,1
0,4529,1
0,4541,1
0,4542,1
0,4557,1
0,4649,1
0,4932,1
0,5038,1
0,5107,1
0,5344,3
0,5345,1
0,5391,1
0,5469,1
0,6140,2
0,6182,3
0,6476,1
0,6640,1
0,6701,1
0,6731,2
0,7021,1
0,7124,1
0,7254,1
0,7352,1
0,7513,1
0,7586,1
0,7623,1
0,7749,2
0,7866,1
0,7887,1
0,7996,1
0,8015,1
0,8322,1
0,8422,4
0,8494,2
0,8584,1
0,8605,1
0,8843,1
0,8866,1
0,9234,1
0,9239,1
0,9244,1
0,9422,1
0,9613,1
0,9627,1
0,10081,1
0,10238,1
0,10381,3
0,10469,1
0,10882,1
0,11447,1
0,11451,1
0,12016,1
0,12106,2
0,12174,2
0,12299,1
0,12380,1
0,12385,1
0,12539,1
0,12568,1
0,12798,2
0,12837,1
0,12916,1
0,12926,3
0,13249,1
0,13337,1
0,13389,2
0,13563,1
0,13775,3
0,13933,1
0,13992,1
0,14276,1
0,14306,2
0,14307,1
0,14415,2
0,14853,2
0,15020,1
0,15089,1
0,15182,1
0,15194,8
0,15389,1
0,15435,1
0,15441,1
0,15589,5
0,15704,1
0,15705,1
0,15877,1
0,15882,1
0,15931,6
0,16044,1
0,16135,7
0,16366,2
0,16637,1
0,16725,1
0,16746,1
0,17027,1
0,17109,4
0,17167,4
0,17271,1
0,17344,2
0,17374,1
0,17378,1
0,17541,1
0,17552,1
0,17696,1
0,17758,1
0,17802,1
0,17851,1
0,17865,1
0,17882,1
0,17938,1
0,18001,1
0,18064,1
0,18090,1
0,18093,1
0,18125,1
0,18575,2
0,18627,1
0,18892,2
0,18954,4
0,19049,1
0,19099,3
0,19329,1
0,19335,1
0,19461,1
0,19666,1
0,19722,1
0,19810,1
0,19816,1
0,19828,1
0,19905,1
0,19968,1
0,19990,1
0,20035,1
0,20167,1
0,20283,2
0,20398,1
0,20441,2
0,20510,2
0,20528,1
0,20715,2
0,20899,1
0,20971,2
0,21116,1
0,21194,1
0,21373,1
0,21711,1
0,21794,1
0,21823,1
0,22000,1
0,22104,1
0,22342,1
0,22358,1
0,22503,3
0,22545,1
0,22954,1
0,23002,1
0,23318,1
0,23333,1
0,23336,1
0,23416,3
0,23471,1
0,23643,1
0,23650,3
0,23680,2
1,342,1
1,1621,1
1,1655,1
1,1814,1
1,2869,2
1,3453,1
1,5152,4
1,5388,1
1,5602,1
1,6164,1
1,6306,1
1,6521,1
1,7146,1
1,7525,1
1,8706,1
1,10110,1
1,11537,1
1,13180,1
1,13775,1
1,14299,1
1,14607,1
1,15589,1
1,15877,1
1,15946,1
1,15977,1
1,16429,1
1,16585,1
1,16608,1
1,16753,1
1,17804,1
1,19233,1
1,22179,3
2,75,1
2,200,1
2,204,1
2,233,1
2,357,4
2,659,1
2,680,1
2,952,1
2,1183,1
2,1376,1
2,2869,3
2,2874,1
2,2897,1
2,3559,2
2,3819,1
2,3857,1
2,3941,3
2,4529,1
2,4557,1
2,4569,1
2,4572,1
2,4825,1
2,4855,2
2,5010,1
2,5358,1
2,5418,1
2,5769,1
2,5770,1
2,5864,1
2,6073,1
2,7014,1
2,7019,1
2,7212,2
2,7586,1
2,7619,1
2,7791,1
2,7962,1
2,8154,1
2,9244,2
2,9613,1
2,10468,1
2,10501,1
2,10753,1
2,11024,1
2,11103,5
2,11104,4
2,11865,1
2,12253,1
2,12299,1
2,12380,1
2,12563,1
2,12807,1
2,13541,1
2,13775,1
2,14746,1
2,14853,2
2,14990,1
2,15814,1
2,16180,3
2,16181,1
2,16430,1
2,16710,1
2,16722,1
2,16725,1
2,16876,1
2,16881,1
2,16994,2
2,17299,1
2,17374,1
2,17701,1
2,17702,1
2,17758,1
2,18067,1
2,19042,1
2,19666,1
2,19822,1
2,20035,2
2,20237,1
2,20330,1
2,20397,1
2,20715,2
2,21116,1
2,21309,1
2,21392,1
2,21843,1
2,22024,3
2,22148,1
2,22763,1
2,23113,1
2,23395,1
2,23434,1
2,23450,1
2,23460,2
2,23604,1
2,23650,1
3,1464,1
3,2188,1
3,3313,1
3,3330,1
3,3356,1
3,3370,1
3,3857,1
3,4803,2
3,7143,1
3,7809,1
3,7962,2
3,7977,1
3,9645,1
3,9650,1
3,12415,2
3,12592,1
3,13254,1
3,13283,1
3,13585,1
3,13992,1
3,15707,1
3,15814,1
3,16003,1
3,17450,1
3,19070,3
3,20162,1
3,21461,1
3,22195,1
3,22695,3
3,23068,1
3,23508,1
3,23587,1
4,48,1
4,54,1
4,75,1
4,86,1
4,102,19
4,107,1
4,108,1
4,159,1
4,201,2
4,202,1
4,203,1
4,207,2
4,246,1
4,307,2
4,316,1
4,338,2
4,388,1
4,414,1
4,430,2
4,455,1
4,657,2
4,680,2
4,696,1
4,708,1
4,748,1
4,792,1
4,802,1
4,952,1
4,986,1
4,1066,1
4,1071,3
4,1073,1
4,1096,1
4,1109,1
4,1223,2
4,1266,5
4,1302,1
4,1315,2
4,1318,6
4,1360,1
4,1383,1
4,1444,1
4,1470,1
4,1488,1
4,1590,1
4,1609,1
4,1676,1
4,1688,1
4,1777,5
4,1825,1
4,1909,1
4,1916,2
4,1945,1
4,1977,1
4,2041,1
4,2169,2
4,2178,1
4,2184,1
4,2334,1
4,2453,1
4,2485,1
4,2617,1
4,2794,1
4,2869,1
4,2888,1
4,3048,6
4,3106,3
4,3148,2
4,3242,1
4,3244,1
4,3283,2
4,3425,12
4,3494,1
4,3511,1
4,3551,1
4,3559,3
4,3589,2
4,3601,2
4,3646,1
4,3651,1
4,3767,1
4,3770,1
4,3814,1
4,3855,1
4,3875,1
4,3906,2
4,3908,1
4,3928,1
4,3945,1
4,3990,1
4,4020,2
4,4051,1
4,4086,3
4,4088,1
4,4258,1
4,4281,1
4,4353,1
4,4397,1
4,4402,1
4,4429,1
4,4460,1
4,4484,1
4,4542,1
4,4556,1
4,4557,1
4,4561,1
4,4569,3
4,4590,1
4,4613,1
4,4790,1
4,4799,1
4,4844,1
4,4898,1
4,4910,1
4,4997,1
4,5010,1
4,5035,2
4,5038,1
4,5050,1
4,5077,1
4,5084,1
4,5147,1
4,5258,1
4,5340,1
4,5477,2
4,5538,1
4,5540,3
4,5544,1
4,5553,1
4,5683,2
4,5694,2
4,5714,1
4,5745,1
4,5767,1
4,5793,1
4,5952,3
4,6029,1
4,6160,1
4,6161,1
4,6264,1
4,6272,7
4,6279,2
4,6295,1
4,6540,1
4,6588,1
4,6642,9
4,6829,2
4,6831,1
4,6851,1
4,6903,1
4,6916,1
4,6999,2
4,7001,1
4,7014,1
4,7035,1
4,7057,3
4,7134,1
4,7137,1
4,7146,2
4,7202,1
4,7242,1
4,7285,2
4,7353,2
4,7371,1
4,7386,2
4,7399,1
4,7408,1
4,7586,2
4,7623,2
4,7714,1
4,7791,4
4,7815,1
4,7831,1
4,7868,1
4,7874,1
4,7880,2
4,7993,1
4,8009,1
4,8102,1
4,8254,1
4,8307,1
4,8380,1
4,8422,2
4,8428,1
4,8495,1
4,8510,1
4,8564,2
4,8605,2
4,8667,4
4,8684,1
4,8723,1
4,8734,2
4,8746,1
4,8767,1
4,8995,1
4,9001,2
4,9041,1
4,9043,1
4,9044,1
4,9076,1
4,9185,1
4,9244,2
4,9246,1
4,9351,1
4,9510,1
4,9627,1
4,9954,1
4,9970,1
4,9974,2
4,9975,1
4,10019,2
4,10026,1
4,10083,1
4,10096,1
4,10123,1
4,10220,3
4,10238,1
4,10244,1
4,10314,1
4,10356,1
4,10364,1
4,10452,1
4,10469,1
4,10470,1
4,10540,2
4,10725,1
4,10737,3
4,10873,1
4,11023,1
4,11125,4
4,11132,1
4,11314,1
4,11315,1
4,11424,2
4,11450,1
4,11520,1
4,11521,1
4,11532,3
4,11537,1
4,11679,1
4,11752,1
4,11753,1
4,11771,1
4,11836,3
4,11879,3
4,11886,1
4,11930,2
4,11974,2
4,11977,1
4,11979,1
4,12031,1
4,12096,2
4,12102,1
4,12253,2
4,12255,1
4,12275,1
4,12321,1
4,12327,5
4,12405,2
4,12410,2
4,12415,1
4,12463,4
4,12525,1
4,12530,1
4,12568,1
4,12926,1
4,13067,2
4,13098,1
4,13134,1
4,13139,1
4,13162,1
4,13170,3
4,13231,1
4,13250,1
4,13349,1
4,13460,1
4,13488,1
4,13539,2
4,13548,1
4,13585,2
4,13653,1
4,13698,1
4,13773,1
4,13861,2
4,13899,1
4,13936,1
4,13992,1
4,14006,1
4,14100,1
4,14179,1
4,14183,1
4,14230,3
4,14231,1
4,14238,1
4,14288,1
4,14359,1
4,14410,1
4,14431,1
4,14433,2
4,14443,1
4,14553,1
4,14646,2
4,14702,2
4,14713,1
4,14746,1
4,14748,1
4,14795,6
4,14818,2
4,14860,1
4,14925,2
4,14985,1
4,15039,2
4,15089,2
4,15111,1
4,15154,1
4,15211,1
4,15306,1
4,15519,6
4,15536,1
4,15561,8
4,15591,3
4,15657,1
4,15762,3
4,15806,2
4,15822,1
4,15847,1
4,15863,1
4,15871,1
4,15915,4
4,15916,3
4,15977,1
4,15996,1
4,15997,1
4,16053,1
4,16127,1
4,16133,1
4,16135,1
4,16168,1
4,16170,1
4,16180,1
4,16236,1
4,16317,1
4,16340,1
4,16352,1
4,16363,1
4,16365,1
4,16442,1
4,16597,1
4,16608,1
4,16710,1
4,16740,1
4,16744,1
4,16750,2
4,16753,1
4,16814,4
4,16829,1
4,16833,1
4,16860,1
4,16885,2
4,16925,1
4,16926,1
4,16935,1
4,16998,2
4,17090,1
4,17093,1
4,17109,2
4,17119,1
4,17121,1
4,17132,1
4,17144,1
4,17159,1
4,17160,1
4,17186,1
4,17213,2
4,17248,2
4,17250,2
4,17258,1
4,17303,1
4,17305,1
4,17325,1
4,17352,1
4,17375,2
4,17378,1
4,17382,1
4,17500,3
4,17522,1
4,17763,1
4,17765,2
4,17799,1
4,17816,1
4,17842,1
4,17882,6
4,18048,1
4,18064,2
4,18149,1
4,18358,1
4,18454,3
4,18614,2
4,18640,1
4,18706,8
4,18820,3
4,18830,1
4,18842,2
4,18850,1
4,18853,1
4,18966,1
4,19049,1
4,19066,1
4,19127,1
4,19160,1
4,19191,1
4,19252,1
4,19257,1
4,19296,1
4,19332,1
4,19333,1
4,19373,4
4,19375,1
4,19412,1
4,19615,1
4,19688,1
4,19749,1
4,19789,1
4,19802,1
4,19803,1
4,19843,4
4,19881,1
4,19981,1
4,20002,1
4,20027,1
4,20035,4
4,20037,1
4,20128,1
4,20162,1
4,20176,1
4,20223,1
4,20237,1
4,20269,5
4,20283,1
4,20306,1
4,20313,1
4,20330,2
4,20367,1
4,20427,1
4,20469,1
4,20543,1
4,20566,2
4,20680,1
4,20699,1
4,20790,2
4,20907,13
4,21028,2
4,21106,4
4,21175,1
4,21191,2
4,21194,2
4,21197,5
4,21223,1
4,21227,2
4,21228,1
4,21249,1
4,21368,3
4,21411,1
4,21492,1
4,21578,2
4,21671,2
4,21823,2
4,21928,2
4,21976,1
4,21985,1
4,22046,1
4,22179,2
4,22192,1
4,22194,1
4,22267,1
4,22285,1
4,22286,1
4,22308,1
4,22330,1
4,22345,1
4,22358,2
4,22360,1
4,22388,1
4,22502,1
4,22643,1
4,22687,1
4,22709,1
4,22745,1
4,22763,1
4,22811,1
4,22863,1
4,22895,1
4,23007,2
4,23084,2
4,23134,2
4,23143,1
4,23145,3
4,23180,1
4,23241,2
4,23271,1
4,23416,1
4,23440,1
4,23445,2
4,23460,6
4,23487,2
4,23532,1
4,23635,2
4,23653,1
4,23658,1
5,1037,3
5,2233,2
5,2477,3
5,3344,2
5,3640,1
5,3857,2
5,4299,8
5,4987,1
5,5732,1
5,6271,1
5,7146,1
5,7824,1
5,7962,1
5,9650,1
5,9832,2
5,10296,1
5,11386,1
5,12753,1
5,12762,1
5,13162,1
5,13389,2
5,13547,2
5,14044,1
5,15222,1
5,15589,3
5,15669,1
5,16133,2
5,17938,1
5,17996,1
5,20330,1
5,21085,2
5,21256,1
5,21565,2
5,21843,3
5,21968,1
5,22349,2
5,22643,1
5,23508,1
5,23587,1
6,745,1
6,966,1
6,1553,1
6,2610,1
6,2612,1
6,2662,1
6,3244,1
6,4344,1
6,6446,1
6,6476,1
6,6642,1
6,7952,1
6,7962,1
6,8892,1
6,9066,1
6,10031,1
6,10130,1
6,10448,1
6,11360,1
6,11836,1
6,12405,1
6,13242,1
6,14222,1
6,14414,1
6,14801,1
6,15456,1
6,16676,4
6,16948,3
6,16991,1
6,17688,1
6,18054,1
6,18706,10
6,19093,1
6,19401,2
6,20035,1
6,20363,1
6,20969,1
6,21028,3
6,21946,1
6,22179,1
6,22342,1
6,22360,1
6,22379,1
6,22637,1
6,22675,1
6,22679,1
6,23113,1
6,23225,1
7,80,3
7,212,1
7,213,4
7,252,1
7,475,3
7,489,1
7,785,2
7,786,3
7,787,2
7,812,1
7,828,1
7,934,1
7,1026,1
7,1096,1
7,1238,1
7,1273,1
7,1296,1
7,1329,1
7,1560,1
7,1590,1
7,1977,1
7,2599,1
7,2869,1
7,3095,1
7,3324,1
7,3623,1
7,3776,2
7,3816,1
7,3904,1
7,3908,1
7,3920,2
7,4045,3
7,4384,1
7,4583,3
7,4733,1
7,5010,1
7,5033,1
7,5306,3
7,5487,14
7,5540,1
7,6115,2
7,6169,1
7,6542,1
7,7002,1
7,7436,1
7,7525,2
7,7623,1
7,7751,1
7,7816,3
7,7866,2
7,7881,1
7,7915,1
7,8566,1
7,8799,1
7,8998,1
7,9030,1
7,9262,2
7,9650,1
7,9680,2
7,9894,1
7,9896,1
7,10000,1
7,10080,1
7,10110,2
7,10144,1
7,10238,2
7,10373,1
7,10413,1
7,10428,1
7,10435,3
7,10618,2
7,10737,1
7,11068,1
7,11207,1
7,11452,1
7,11537,1
7,11836,1
7,11890,1
7,12102,2
7,12121,1
7,12253,1
7,12327,3
7,12499,1
7,12756,1
7,12875,1
7,13162,2
7,13350,1
7,13585,1
7,13698,1
7,13933,4
7,13998,1
7,14018,1
7,14045,1
7,14066,1
7,14110,1
7,14238,1
7,14322,1
7,14553,5
7,14624,1
7,14639,1
7,14683,2
7,14934,1
7,15089,1
7,15181,1
7,15194,2
7,15213,1
7,15216,1
7,15360,3
7,15441,1
7,15519,2
7,15963,1
7,15970,1
7,16180,1
7,16441,1
7,16451,5
7,16502,1
7,16533,1
7,16702,1
7,16705,1
7,16773,1
7,16885,1
7,16964,1
7,17027,2
7,17315,1
7,17621,2
7,17624,1
7,17773,1
7,17816,2
7,17818,1
7,18060,1
7,18146,1
7,18193,1
7,18230,1
7,18706,1
7,18886,1
7,18929,1
7,18933,9
7,18954,2
7,19003,1
7,19802,1
7,19810,1
7,19843,4
7,19886,1
7,20026,1
7,20398,1
7,20715,2
7,20801,4
7,21144,3
7,21239,2
7,21373,1
7,21436,8
7,21618,1
7,21660,1
7,21784,1
7,21808,1
7,21809,1
7,22179,1
7,22425,5
7,22481,2
7,22497,1
7,22667,1
7,23068,2
7,23425,1
7,23430,8
7,23764,1
8,548,1
8,1548,1
8,3099,1
8,3222,1
8,3328,1
8,3720,1
8,3826,1
8,4699,1
8,4800,1
8,5322,1
8,5669,2
8,6464,3
8,6476,1
8,6875,1
8,6903,1
8,6989,1
8,7164,1
8,7815,2
8,8102,1
8,8494,1
8,9057,1
8,10034,1
8,10319,1
8,10699,1
8,10737,1
8,11836,7
8,12837,1
8,12843,1
8,13046,1
8,13369,1
8,13424,1
8,14100,1
8,14770,1
8,15200,1
8,15237,1
8,15846,1
8,15892,1
8,15949,1
8,16579,1
8,16585,1
8,16950,1
8,17072,1
8,17186,1
8,17409,1
8,17410,1
8,17527,3
8,18146,1
8,18727,2
8,20330,1
8,20796,1
8,20889,1
8,21144,1
8,21162,2
8,21163,1
8,21946,1
8,22342,1
8,22358,1
8,22759,1
8,23271,1
8,23273,1
9,212,1
9,630,1
9,883,1
9,957,1
9,1183,1
9,1873,1
9,1977,1
9,1978,1
9,2049,1
9,2818,1
9,2866,1
9,2930,2
9,3121,2
9,3157,1
9,3572,1
9,3869,1
9,4062,2
9,4079,1
9,4088,2
9,4358,1
9,5244,1
9,5276,1
9,5324,5
9,6272,1
9,6658,1
9,6903,1
9,7408,1
9,7623,1
9,7753,1
9,7816,2
9,7997,1
9,8435,1
9,8684,6
9,8686,6
9,8723,1
9,10051,1
9,10356,1
9,10737,1
9,11985,1
9,12327,1
9,12344,1
9,12405,1
9,12561,1
9,12798,1
9,12926,1
9,14183,1
9,14298,1
9,14740,1
9,15540,1
9,15806,1
9,16180,1
9,16651,1
9,17036,1
9,17037,2
9,17109,1
9,17258,2
9,17495,1
9,17509,3
9,17625,6
9,18820,1
9,18853,2
9,18957,1
9,19391,1
9,19757,1
9,19829,1
9,20054,1
9,20786,1
9,20958,1
9,21174,1
9,21197,1
9,21309,1
9,21823,1
9,22179,1
9,22342,1
9,22353,1
9,22464,1
9,22643,1
9,23180,2
9,23460,1
10,133,1
10,414,1
10,1026,1
10,1131,1
10,2084,3
10,2099,1
10,2586,1
10,2869,5
10,3280,1
10,3352,1
10,4281,1
10,4529,1
10,4542,2
10,4999,2
10,5010,1
10,5045,1
10,5077,1
10,6004,1
10,6162,1
10,6163,1
10,6164,1
10,6469,1
10,6476,1
10,6723,1
10,6999,1
10,7007,1
10,7014,1
10,7206,2
10,7543,1
10,7586,1
10,7623,1
10,8128,1
10,8321,1
10,8422,1
10,9184,1
10,9239,1
10,9422,1
10,9969,1
10,10092,3
10,10238,1
10,11989,1
10,12102,1
10,12106,1
10,12253,1
10,12380,1
10,12410,1
10,12756,1
10,12807,1
10,12837,1
10,12926,1
10,13001,1
10,13349,1
10,13389,1
10,13585,2
10,13675,1
10,13821,2
10,13822,2
10,13992,2
10,14179,2
10,14306,1
10,14379,1
10,14818,1
10,15089,1
10,15113,1
10,15194,1
10,15306,1
10,15386,1
10,15882,1
10,15977,1
10,16363,1
10,16753,1
10,17109,1
10,17299,1
10,17375,1
10,17702,1
10,17758,1
10,17803,1
10,17804,1
10,17845,1
10,18627,1
10,18636,1
10,18846,1
10,19028,1
10,19066,1
10,19252,1
10,19393,1
10,19452,1
10,20019,2
10,20101,3
10,20368,1
10,20397,3
10,20805,1
10,20906,1
10,20969,1
10,21116,1
10,21120,1
10,21309,3
10,21392,1
10,21700,1
10,21711,1
10,23084,1
10,23650,1
11,91,2
11,252,1
11,429,1
11,489,1
11,745,6
11,787,1
11,1183,1
11,1376,1
11,1454,1
11,1468,3
11,2410,1
11,2491,1
11,2612,2
11,2614,1
11,3120,1
11,3323,1
11,3570,1
11,3857,1
11,4098,1
11,4212,1
11,4215,2
11,4299,1
11,4344,1
11,4979,1
11,5311,1
11,5539,2
11,5540,2
11,5618,1
11,5745,1
11,5896,1
11,6115,2
11,6131,1
11,6280,1
11,6642,6
11,6768,1
11,6859,1
11,7215,1
11,7408,1
11,7462,3
11,7575,1
11,7588,1
11,7962,1
11,8369,1
11,8712,2
11,8785,1
11,8917,1
11,8942,1
11,8943,1
11,9492,2
11,9650,1
11,10156,1
11,10496,1
11,10569,1
11,10602,1
11,10603,1
11,10699,1
11,11100,1
11,11978,3
11,12125,1
11,12388,1
11,12569,1
11,12850,2
11,13241,1
11,13422,1
11,13786,1
11,14367,1
11,14512,2
11,14556,1
11,14700,2
11,14818,1
11,14940,1
11,15197,1
11,15520,1
11,16220,1
11,16437,1
11,16530,4
11,16637,1
11,16726,1
11,16814,6
11,16962,1
11,16991,5
11,17408,1
11,17552,1
11,17620,1
11,17762,1
11,17904,1
11,17952,1
11,18706,1
11,18821,1
11,19024,1
11,19191,1
11,19252,3
11,19257,1
11,19612,1
11,19624,1
11,19739,1
11,19802,4
11,19843,1
11,20054,1
11,20330,1
11,21064,5
11,21457,1
11,21488,1
11,21548,2
11,21697,1
11,21806,1
11,22179,1
11,22379,1
11,22481,1
11,22503,2
11,22513,1
11,22577,1
11,22718,1
11,23113,1
11,23508,1
11,23688,1
12,259,1
12,403,1
12,776,1
12,1067,1
12,1099,1
12,1760,1
12,1812,1
12,2294,1
12,2465,1
12,2530,2
12,2635,1
12,2730,1
12,2778,1
12,3812,1
12,3852,1
12,3899,1
12,3941,2
12,4183,1
12,4280,1
12,4392,2
12,4529,1
12,5380,1
12,5388,2
12,5416,1
12,6162,2
12,6476,1
12,6879,1
12,6885,1
12,6973,1
12,7015,1
12,7130,1
12,7213,1
12,7408,2
12,7576,1
12,7955,1
12,7962,2
12,8087,1
12,8101,2
12,8842,1
12,9510,1
12,9838,1
12,10156,1
12,10238,1
12,10336,1
12,10609,2
12,12541,1
12,13356,2
12,13574,1
12,13675,1
12,13933,1
12,14321,1
12,14495,1
12,14984,1
12,15039,2
12,15441,1
12,15876,1
12,16127,1
12,16130,1
12,16637,2
12,16676,2
12,16857,1
12,17315,1
12,17374,2
12,17984,1
12,18034,1
12,18441,1
12,18480,4
12,18675,1
12,18919,1
12,18954,1
12,19204,1
12,19675,1
12,19810,2
12,20026,1
12,20400,2
12,20640,1
12,20882,1
12,21523,1
12,22479,1
12,22954,2
12,23336,1
12,23416,1
12,23434,1
12,23440,1
12,23635,1
12,23650,1
13,125,1
13,145,1
13,252,1
13,342,3
13,425,1
13,498,1
13,952,1
13,1120,1
13,1183,1
13,2823,1
13,2869,1
13,2952,1
13,3148,1
13,3331,1
13,3894,2
13,3986,1
13,4051,2
13,4089,1
13,4127,10
13,4233,1
13,4270,2
13,4457,1
13,4674,2
13,4675,3
13,4771,1
13,4801,1
13,5207,3
13,5224,2
13,5237,1
13,5389,1
13,5422,1
13,5558,2
13,5594,1
13,5694,1
13,6161,1
13,6203,1
13,6396,1
13,6403,3
13,6799,1
13,6969,12
13,6975,5
13,7156,1
13,7442,1
13,7570,2
13,7815,1
13,7854,12
13,7856,1
13,7880,1
13,7881,1
13,8307,2
13,8657,13
13,8744,3
13,9227,2
13,9236,2
13,9270,2
13,9348,7
13,9596,1
13,9646,11
13,9650,12
13,9804,11
13,9827,1
13,9868,1
13,10080,1
13,10236,1
13,10238,4
13,10499,1
13,10551,1
13,10617,1
13,10618,2
13,10860,1
13,11027,1
13,11031,1
13,11529,2
13,11800,1
13,11874,1
13,12204,2
13,12798,1
13,12872,1
13,13108,1
13,13577,2
13,13773,1
13,14032,1
13,14092,1
13,14359,1
13,14415,1
13,15144,1
13,15224,2
13,15304,1
13,15441,4
13,15496,3
13,15501,1
13,15519,1
13,15602,1
13,15853,1
13,16127,3
13,16154,1
13,16180,2
13,16301,1
13,16381,3
13,16586,1
13,16588,1
13,16758,4
13,17293,1
13,17295,1
13,17380,1
13,17384,1
13,17554,1
13,17572,4
13,17726,1
13,17788,1
13,17816,6
13,17890,1
13,18290,2
13,18413,1
13,18591,1
13,18820,3
13,18828,1
13,18834,2
13,19000,8
13,19047,8
13,19439,1
13,19618,1
13,19675,1
13,19802,2
13,19810,2
13,19828,1
13,19887,1
13,20469,1
13,20632,1
13,20786,3
13,20801,1
13,20920,1
13,20929,5
13,21106,5
13,21526,2
13,21751,1
13,21789,5
13,21891,1
13,22141,1
13,22179,1
13,22285,1
13,22372,1
13,22643,1
13,22709,1
13,22726,2
13,23011,1
13,23034,5
13,23080,1
13,23113,2
13,23116,1
13,23430,2
13,23508,12
13,23769,1
14,54,1
14,84,1
14,104,1
14,114,1
14,204,1
14,246,3
14,248,2
14,251,2
14,253,2
14,259,20
14,353,1
14,648,1
14,660,1
14,663,1
14,680,6
14,754,1
14,776,2
14,916,1
14,946,1
14,1032,2
14,1590,1
14,1671,1
14,1760,1
14,1825,1
14,1978,1
14,2084,1
14,2404,1
14,2465,2
14,2469,1
14,2633,1
14,2692,1
14,2724,1
14,2795,2
14,2798,1
14,2869,1
14,2888,1
14,2976,3
14,3126,1
14,3163,11
14,3215,2
14,3330,1
14,3370,10
14,3453,1
14,3559,1
14,3612,1
14,3613,1
14,3618,1
14,3671,1
14,3751,1
14,3791,1
14,3866,1
14,3869,1
14,3941,2
14,3992,1
14,4041,1
14,4240,1
14,4285,1
14,4323,1
14,4324,1
14,4367,1
14,4529,1
14,4569,1
14,4637,1
14,4649,2
14,4839,1
14,4844,1
14,4855,2
14,4981,1
14,4987,3
14,4999,1
14,5010,3
14,5105,1
14,5180,1
14,5199,1
14,5864,1
14,5869,1
14,5985,1
14,6095,1
14,6097,2
14,6172,1
14,6272,1
14,6297,2
14,6428,1
14,6463,1
14,6476,13
14,6478,1
14,6903,6
14,6999,1
14,7001,1
14,7014,1
14,7046,1
14,7073,1
14,7158,1
14,7206,1
14,7223,1
14,7246,2
14,7408,10
14,7548,8
14,7597,1
14,7657,2
14,7751,1
14,7815,3
14,7824,1
14,7905,1
14,7962,1
14,8009,1
14,8264,1
14,8322,1
14,8422,1
14,8497,1
14,8586,1
14,8642,1
14,9227,1
14,9302,2
14,9340,1
14,9355,1
14,9613,1
14,9622,1
14,9667,2
14,9705,1
14,9970,1
14,10081,1
14,10083,2
14,10238,2
14,10566,1
14,11398,1
14,11424,1
14,11532,1
14,11742,1
14,12096,4
14,12253,7
14,12299,2
14,12380,10
14,12569,2
14,12756,1
14,12798,1
14,12837,1
14,12926,3
14,12997,1
14,13080,2
14,13162,1
14,13217,1
14,13522,1
14,13541,11
14,13618,1
14,13655,1
14,13775,1
14,14179,6
14,14284,1
14,14306,1
14,14307,1
14,14415,6
14,14450,1
14,14795,1
14,14818,2
14,14826,1
14,14984,1
14,14990,2
14,15089,4
14,15141,1
14,15194,9
14,15210,1
14,15237,2
14,15253,1
14,15306,2
14,15307,1
14,15351,2
14,15374,1
14,15424,3
14,15654,2
14,15705,1
14,15806,3
14,15814,2
14,15849,1
14,15977,2
14,16127,1
14,16180,3
14,16206,1
14,16392,1
14,16546,1
14,16637,2
14,16659,1
14,16667,1
14,16725,1
14,16726,1
14,16733,1
14,16753,6
14,16794,1
14,16948,1
14,16964,1
14,16994,2
14,16995,1
14,17034,1
14,17074,1
14,17109,1
14,17121,1
14,17213,2
14,17216,2
14,17254,1
14,17374,3
14,17375,4
14,17477,1
14,17640,1
14,17667,1
14,17701,7
14,17799,1
14,17804,1
14,17888,1
14,17904,1
14,18064,1
14,18140,1
14,18358,1
14,18513,2
14,18580,1
14,18602,1
14,18615,1
14,18842,1
14,18853,1
14,18882,1
14,18924,1
14,18954,1
14,18975,1
14,18989,1
14,18997,1
14,19037,1
14,19042,2
14,19063,1
14,19077,1
14,19205,5
14,19331,1
14,19375,1
14,19384,1
14,19723,1
14,19781,1
14,20027,2
14,20035,1
14,20069,1
14,20166,1
14,20484,1
14,20786,3
14,21085,1
14,21106,1
14,21120,1
14,21171,1
14,21268,1
14,21309,1
14,21368,2
14,21423,1
14,21433,1
14,21457,1
14,21461,1
14,21481,2
14,21494,1
14,21594,1
14,21628,2
14,21811,1
14,21838,1
14,21843,1
14,21855,1
14,22043,3
14,22284,1
14,22358,2
14,22360,1
14,22372,3
14,22765,2
14,22828,2
14,22835,1
14,22888,1
14,23007,1
14,23054,1
14,23086,1
14,23095,1
14,23416,2
14,23450,1
14,23460,4
14,23650,1
14,23818,1
15,86,1
15,259,1
15,2179,1
15,4299,1
15,6159,1
15,9645,1
15,9650,1
15,10081,1
15,10083,1
15,10496,1
15,11068,1
15,14272,1
15,14791,1
15,15441,1
15,16386,1
15,16967,1
15,17847,1
15,21946,1
15,22828,1
15,23034,1
15,23486,1
15,23508,1
16,48,1
16,228,1
16,246,1
16,252,1
16,259,1
16,466,1
16,648,1
16,680,1
16,685,1
16,957,1
16,1315,1
16,1564,1
16,1590,1
16,1621,1
16,2410,1
16,2465,1
16,3048,1
16,3101,1
16,3304,1
16,3330,1
16,3453,1
16,3469,1
16,3857,3
16,3867,1
16,3895,1
16,4004,1
16,4228,1
16,4240,1
16,4542,1
16,4556,1
16,4557,1
16,4825,1
16,4839,1
16,4981,2
16,5224,1
16,5350,1
16,5361,1
16,5388,1
16,5539,1
16,5540,2
16,5621,1
16,5961,2
16,6304,1
16,6403,1
16,6476,3
16,6636,10
16,6999,1
16,7014,1
16,7019,1
16,7077,1
16,7078,1
16,7080,1
16,7199,3
16,7377,1
16,7525,1
16,7588,1
16,7653,1
16,7677,1
16,7751,1
16,7824,1
16,7962,3
16,7997,1
16,7999,1
16,8422,3
16,8497,1
16,8564,1
16,8605,1
16,8866,2
16,9593,1
16,9613,1
16,9650,2
16,9758,1
16,9954,1
16,9967,1
16,9970,1
16,10020,1
16,10110,1
16,10114,1
16,10144,1
16,10230,1
16,10238,5
16,10252,1
16,10316,1
16,10363,1
16,10501,1
16,10609,1
16,11398,1
16,11532,4
16,11542,1
16,11974,1
16,12253,1
16,12344,1
16,12380,4
16,12385,1
16,12642,1
16,12700,1
16,12798,1
16,12807,2
16,12833,1
16,12837,1
16,12843,1
16,12926,1
16,12994,1
16,13162,1
16,13389,1
16,13971,1
16,14048,1
16,14179,2
16,14306,2
16,14410,1
16,14415,2
16,14795,1
16,14984,2
16,15089,3
16,15252,1
16,15652,1
16,15704,1
16,15806,1
16,16180,3
16,16362,1
16,16429,1
16,16435,2
16,16583,1
16,16708,1
16,16725,1
16,16753,1
16,16797,1
16,16800,1
16,16802,1
16,16884,1
16,16885,1
16,16950,1
16,17109,1
16,17325,1
16,17374,1
16,17434,1
16,17495,1
16,17566,3
16,17624,1
16,17640,1
16,17643,1
16,17701,3
16,17758,1
16,17799,1
16,17804,1
16,17805,1
16,17884,1
16,17995,1
16,18131,1
16,18602,1
16,18800,9
16,18834,1
16,18882,1
16,18975,1
16,19042,1
16,19047,1
16,19375,2
16,19439,13
16,19996,1
16,20037,2
16,20101,2
16,20330,1
16,20344,5
16,20345,1
16,20400,1
16,20786,2
16,20906,1
16,20958,1
16,21116,1
16,21194,1
16,21268,1
16,21309,2
16,21433,2
16,21582,1
16,21710,2
16,22238,1
16,22284,1
16,22285,1
16,22338,1
16,22364,1
16,22372,1
16,22476,1
16,22571,1
16,22643,1
16,22740,1
16,22769,2
16,23007,2
16,23034,10
16,23047,1
16,23084,1
16,23113,2
16,23306,1
16,23348,6
16,23460,1
16,23508,2
16,23604,1
17,259,15
17,776,2
17,1314,2
17,1590,1
17,1760,1
17,1812,1
17,2084,2
17,2491,1
17,2719,1
17,2723,1
17,2808,1
17,2850,1
17,2886,1
17,3163,2
17,3397,4
17,3612,1
17,3619,1
17,3751,1
17,3869,2
17,4557,2
17,4823,5
17,4979,1
17,4987,1
17,5010,1
17,5388,2
17,5606,1
17,5646,3
17,5723,1
17,5843,1
17,5864,4
17,5875,1
17,5909,2
17,6369,1
17,6476,15
17,6575,1
17,6640,1
17,6697,1
17,7074,1
17,7143,1
17,7548,2
17,7552,1
17,7815,1
17,7962,1
17,7999,1
17,8087,1
17,8422,1
17,8838,1
17,10022,1
17,10087,1
17,10496,1
17,10688,1
17,10729,2
17,12380,2
17,12756,1
17,12798,3
17,12803,1
17,12807,2
17,12926,1
17,13574,1
17,13992,1
17,14179,1
17,14306,2
17,14359,1
17,14415,1
17,14705,1
17,14818,1
17,15089,1
17,15143,1
17,15194,4
17,15351,1
17,15424,1
17,15429,1
17,15705,1
17,15709,3
17,16180,1
17,16220,1
17,16365,2
17,16366,1
17,16418,2
17,16637,2
17,16710,1
17,16725,1
17,16753,3
17,16828,2
17,16966,1
17,16994,1
17,17142,1
17,17254,1
17,17374,1
17,17395,1
17,17399,1
17,17621,1
17,17701,1
17,17904,1
17,18131,1
17,18954,3
17,18975,1
17,19439,1
17,19647,1
17,19708,1
17,20027,1
17,20112,2
17,20508,1
17,20549,1
17,21085,1
17,21281,2
17,21373,1
17,21606,1
17,21843,1
17,21946,2
17,22238,1
17,22246,1
17,22362,1
17,22477,1
17,23034,1
17,23324,3
17,23395,1
17,23416,2
17,23528,1
17,23567,1
17,23577,1
17,23818,3
18,259,1
18,402,1
18,403,1
18,677,1
18,957,1
18,1029,1
18,1386,1
18,1627,1
18,1760,1
18,1766,1
18,2084,1
18,2165,1
18,2168,1
18,2282,1
18,2990,2
18,3054,1
18,3300,1
18,4542,2
18,4981,1
18,5044,1
18,5058,1
18,5073,1
18,5111,1
18,5933,1
18,6162,1
18,6175,1
18,6476,1
18,6665,1
18,6713,1
18,6825,1
18,7014,1
18,7073,1
18,7080,1
18,7142,1
18,7162,1
18,7336,1
18,7399,1
18,7551,1
18,7578,1
18,7690,1
18,8358,1
18,8494,1
18,8495,1
18,8564,1
18,8570,1
18,8584,2
18,9048,1
18,9422,1
18,9532,1
18,9970,1
18,10036,1
18,10092,1
18,10469,2
18,11003,1
18,11103,1
18,11314,2
18,11860,1
18,11888,1
18,12106,2
18,12228,3
18,12253,1
18,12299,1
18,12457,1
18,12526,1
18,12541,1
18,12563,1
18,12565,1
18,12798,1
18,12833,1
18,12837,1
18,13162,2
18,13775,2
18,14306,1
18,14415,1
18,14468,1
18,14562,1
18,14795,1
18,15113,1
18,15159,2
18,15344,1
18,15814,1
18,16180,4
18,16236,1
18,16789,1
18,17109,1
18,17247,1
18,17305,2
18,17315,1
18,17320,1
18,17382,1
18,17701,1
18,17702,1
18,17758,1
18,17874,1
18,18098,1
18,18820,1
18,18840,1
18,19224,1
18,19686,1
18,20330,2
18,20369,1
18,20512,1
18,20560,1
18,21116,2
18,21250,1
18,21309,2
18,21423,1
18,21617,1
18,21843,1
18,22089,1
18,22444,1
18,23007,1
18,23336,2
18,23460,1
18,23635,3
18,23650,1
19,246,1
19,430,1
19,498,1
19,680,1
19,1088,1
19,1310,1
19,1456,1
19,1675,2
19,1676,1
19,2084,1
19,2188,1
19,2245,1
19,2404,3
19,2527,1
19,2778,3
19,2869,1
19,2872,1
19,2944,2
19,2969,1
19,2976,2
19,2986,1
19,3205,1
19,3215,1
19,3304,1
19,3330,1
19,3370,7
19,3826,1
19,3857,1
19,3990,1
19,4127,1
19,4529,2
19,4542,1
19,4638,1
19,4649,2
19,4875,3
19,4910,3
19,4999,1
19,5010,8
19,5077,1
19,5098,1
19,5110,2
19,5297,1
19,5482,1
19,5558,1
19,5618,1
19,5664,1
19,5750,1
19,5864,2
19,6099,1
19,6182,1
19,6409,1
19,6642,1
19,6691,1
19,7007,2
19,7014,2
19,7017,1
19,7048,1
19,7079,1
19,7146,1
19,7177,1
19,7190,2
19,7220,1
19,7237,1
19,7285,1
19,7377,1
19,7380,1
19,7382,2
19,7441,3
19,7578,2
19,7623,1
19,8034,2
19,8101,1
19,8128,1
19,8422,1
19,8566,1
19,8628,1
19,8781,1
19,8809,1
19,8813,1
19,9244,2
19,9340,1
19,9512,1
19,9613,1
19,9646,1
19,9650,1
19,9667,1
19,10080,1
19,10092,5
19,10093,1
19,10179,2
19,10357,1
19,10381,1
19,10759,1
19,11027,1
19,11868,1
19,11869,1
19,11960,1
19,12019,1
19,12125,2
19,12299,1
19,12415,1
19,12525,3
19,12539,1
19,12541,1
19,12596,2
19,12756,1
19,12837,3
19,13001,1
19,13134,2
19,13162,1
19,13163,1
19,13268,1
19,13280,1
19,13322,1
19,13585,1
19,13778,1
19,13822,1
19,13888,1
19,13992,1
19,14019,1
19,14180,1
19,14306,1
19,14307,1
19,14379,1
19,14415,1
19,14450,2
19,15005,1
19,15039,1
19,15159,1
19,15423,1
19,15445,3
19,15704,1
19,15707,1
19,15709,1
19,15814,2
19,15834,1
19,15847,1
19,15977,2
19,16556,1
19,16669,1
19,16685,1
19,16725,2
19,16737,1
19,16753,4
19,17068,1
19,17508,1
19,17845,2
19,17925,1
19,17938,1
19,18391,1
19,18610,1
19,18820,1
19,18839,1
19,18840,2
19,18847,1
19,18975,2
19,19042,1
19,19049,1
19,19375,1
19,19789,1
19,19886,2
19,19888,1
19,19979,1
19,20031,1
19,20101,2
19,20397,1
19,20484,1
19,20786,1
19,20959,1
19,21134,1
19,21309,3
19,21368,1
19,21433,2
19,21457,1
19,21488,1
19,21600,1
19,21823,1
19,21887,1
19,22007,1
19,22195,3
19,22358,1
19,22444,1
19,22560,1
19,22667,2
19,22954,1
19,23007,1
19,23087,1
19,23113,1
19,23180,1
19,23232,2
19,23635,1
20,48,1
20,104,1
20,117,1
20,141,1
20,142,2
20,158,2
20,176,1
20,225,1
20,228,1
20,233,2
20,253,1
20,259,13
20,295,1
20,352,2
20,354,1
20,357,6
20,402,2
20,427,1
20,433,1
20,447,1
20,498,2
20,648,1
20,660,1
20,663,1
20,677,3
20,680,5
20,687,2
20,708,4
20,726,1
20,776,2
20,952,2
20,957,1
20,1029,1
20,1032,1
20,1062,1
20,1068,1
20,1075,1
20,1310,1
20,1376,1
20,1383,2
20,1384,1
20,1385,1
20,1389,1
20,1590,2
20,1599,1
20,1671,1
20,1760,2
20,1820,1
20,1841,1
20,1881,3
20,1964,2
20,1980,1
20,2006,1
20,2084,3
20,2090,1
20,2184,3
20,2194,1
20,2325,1
20,2342,1
20,2491,2
20,2549,1
20,2705,1
20,2719,3
20,2751,1
20,2778,14
20,2795,3
20,2797,1
20,2897,2
20,2936,2
20,2952,1
20,2969,1
20,2986,1
20,3017,1
20,3048,1
20,3054,8
20,3093,1
20,3188,1
20,3244,1
20,3300,1
20,3304,2
20,3338,1
20,3371,1
20,3465,1
20,3751,2
20,3816,1
20,3869,4
20,3875,1
20,3899,2
20,4007,2
20,4051,5
20,4070,1
20,4183,1
20,4252,2
20,4276,1
20,4280,3
20,4328,3
20,4447,2
20,4483,1
20,4484,2
20,4492,1
20,4529,4
20,4533,1
20,4542,1
20,4549,1
20,4556,1
20,4561,1
20,4573,1
20,4639,1
20,4823,1
20,4832,1
20,4839,1
20,5010,4
20,5022,1
20,5044,1
20,5058,1
20,5073,1
20,5114,1
20,5139,1
20,5178,1
20,5179,1
20,5199,1
20,5210,1
20,5234,1
20,5287,1
20,5368,1
20,5399,1
20,5540,2
20,5615,3
20,5619,1
20,5925,4
20,5947,2
20,5960,1
20,5966,1
20,6004,1
20,6165,2
20,6169,1
20,6174,1
20,6175,1
20,6182,4
20,6258,1
20,6306,1
20,6403,3
20,6463,1
20,6476,22
20,6481,2
20,6487,1
20,6590,1
20,6713,1
20,6731,1
20,6825,1
20,6859,1
20,6903,2
20,6973,1
20,6989,1
20,6999,3
20,7002,1
20,7005,1
20,7007,1
20,7011,1
20,7014,4
20,7016,1
20,7017,2
20,7048,3
20,7057,1
20,7067,1
20,7073,2
20,7075,1
20,7220,1
20,7229,1
20,7288,1
20,7302,1
20,7313,1
20,7336,1
20,7346,1
20,7377,1
20,7438,6
20,7442,1
20,7522,1
20,7544,1
20,7552,2
20,7575,1
20,7578,4
20,7623,2
20,7653,4
20,7749,10
20,7750,1
20,7751,1
20,7775,1
20,7854,1
20,7887,7
20,7941,2
20,7962,7
20,7966,1
20,8015,3
20,8032,1
20,8054,1
20,8090,2
20,8321,3
20,8422,7
20,8494,1
20,8564,2
20,8566,1
20,8584,3
20,8588,1
20,8605,2
20,8628,1
20,8734,1
20,8809,1
20,8823,1
20,8842,4
20,8868,2
20,9001,1
20,9011,1
20,9041,1
20,9049,1
20,9056,2
20,9239,1
20,9244,6
20,9264,1
20,9351,1
20,9377,1
20,9454,1
20,9510,2
20,9613,1
20,9617,3
20,9667,1
20,9705,1
20,9730,1
20,9745,2
20,9884,1
20,9970,2
20,10014,1
20,10019,2
20,10080,2
20,10083,1
20,10092,5
20,10190,1
20,10379,1
20,10381,4
20,10413,1
20,10468,1
20,10490,1
20,10501,2
20,10598,1
20,10627,1
20,10751,1
20,10811,1
20,11003,1
20,11023,1
20,11028,1
20,11127,1
20,11138,2
20,11234,2
20,11314,2
20,11447,1
20,11520,1
20,11532,1
20,11537,1
20,11860,2
20,11862,1
20,11879,1
20,11888,1
20,11903,1
20,11904,1
20,11930,1
20,11937,1
20,11977,1
20,11985,3
20,11989,1
20,12019,3
20,12020,1
20,12031,1
20,12102,1
20,12106,10
20,12125,5
20,12216,2
20,12271,1
20,12299,1
20,12380,11
20,12385,2
20,12391,1
20,12410,2
20,12415,2
20,12423,1
20,12463,1
20,12539,1
20,12563,2
20,12569,2
20,12571,1
20,12642,1
20,12644,1
20,12756,2
20,12798,3
20,12802,1
20,12807,1
20,12833,2
20,12835,1
20,12837,11
20,12926,2
20,13001,4
20,13046,1
20,13162,1
20,13224,1
20,13233,2
20,13322,5
20,13363,1
20,13389,2
20,13422,2
20,13558,1
20,13675,1
20,13722,1
20,13762,1
20,13763,1
20,13775,9
20,13779,2
20,13821,2
20,13933,2
20,13935,1
20,13939,1
20,13992,1
20,14029,8
20,14100,5
20,14179,19
20,14269,1
20,14276,1
20,14306,3
20,14383,1
20,14410,2
20,14415,3
20,14450,3
20,14740,2
20,14746,3
20,14795,10
20,14818,4
20,14921,1
20,14984,1
20,14990,3
20,15028,1
20,15039,1
20,15089,3
20,15113,3
20,15141,1
20,15159,3
20,15194,22
20,15195,3
20,15197,4
20,15222,1
20,15366,1
20,15386,1
20,15393,1
20,15445,2
20,15478,1
20,15519,2
20,15597,1
20,15598,6
20,15619,1
20,15624,1
20,15628,3
20,15674,1
20,15692,1
20,15704,2
20,15806,12
20,15821,1
20,15874,1
20,15876,1
20,15877,1
20,15949,1
20,16051,1
20,16123,1
20,16127,3
20,16129,1
20,16131,1
20,16135,5
20,16180,2
20,16317,2
20,16333,1
20,16352,1
20,16365,1
20,16367,3
20,16409,1
20,16442,1
20,16443,1
20,16559,3
20,16618,1
20,16644,1
20,16659,1
20,16695,1
20,16706,1
20,16708,1
20,16721,1
20,16725,6
20,16727,1
20,16737,1
20,16746,1
20,16747,1
20,16753,10
20,16765,1
20,16789,1
20,16791,1
20,16804,2
20,16806,1
20,16815,1
20,16862,1
20,16881,1
20,16884,2
20,16997,2
20,17027,1
20,17109,2
20,17120,1
20,17131,1
20,17154,1
20,17174,1
20,17185,1
20,17193,1
20,17253,1
20,17268,1
20,17293,2
20,17305,6
20,17310,1
20,17313,2
20,17328,1
20,17337,1
20,17374,8
20,17375,8
20,17378,2
20,17443,2
20,17445,1
20,17568,1
20,17576,1
20,17629,1
20,17634,1
20,17679,3
20,17701,1
20,17702,1
20,17752,1
20,17762,45
20,17800,1
20,17803,1
20,17805,1
20,17821,1
20,17882,2
20,17904,4
20,17923,1
20,17925,1
20,17938,1
20,17957,1
20,18131,1
20,18195,1
20,18197,1
20,18343,2
20,18469,2
20,18480,3
20,18505,2
20,18602,3
20,18607,1
20,18614,1
20,18797,1
20,18834,3
20,18840,1
20,18842,3
20,18919,1
20,18924,1
20,18943,1
20,18954,11
20,19004,1
20,19024,1
20,19042,4
20,19049,1
20,19063,1
20,19066,1
20,19154,2
20,19214,1
20,19252,1
20,19260,1
20,19261,1
20,19384,2
20,19452,1
20,19550,3
20,19686,1
20,19708,1
20,19749,1
20,19855,1
20,19880,1
20,19906,1
20,19968,1
20,19982,2
20,20026,6
20,20027,1
20,20029,1
20,20035,3
20,20036,1
20,20101,1
20,20289,1
20,20330,1
20,20368,1
20,20393,1
20,20397,3
20,20398,1
20,20441,4
20,20451,1
20,20518,1
20,20528,5
20,20529,1
20,20715,1
20,20786,3
20,20882,2
20,20969,1
20,20976,1
20,21068,1
20,21106,1
20,21194,2
20,21197,3
20,21201,1
20,21228,2
20,21231,2
20,21309,6
20,21315,1
20,21328,1
20,21338,2
20,21368,1
20,21390,1
20,21457,1
20,21461,1
20,21505,1
20,21514,3
20,21615,1
20,21697,1
20,21700,1
20,21710,1
20,21711,1
20,21823,4
20,22061,2
20,22076,1
20,22143,1
20,22148,1
20,22238,1
20,22291,1
20,22358,2
20,22360,1
20,22493,1
20,22571,1
20,22575,1
20,22622,1
20,22667,4
20,22825,1
20,22828,1
20,22899,1
20,22919,1
20,22954,2
20,22980,1
20,22992,1
20,23007,5
20,23034,2
20,23084,4
20,23113,2
20,23203,1
20,23207,2
20,23214,1
20,23241,2
20,23324,1
20,23333,4
20,23382,1
20,23416,16
20,23425,1
20,23440,1
20,23460,3
20,23474,1
20,23486,1
20,23635,2
20,23639,1
21,54,1
21,123,1
21,212,1
21,259,1
21,345,1
21,789,1
21,1258,1
21,1475,1
21,1552,1
21,1590,2
21,1699,1
21,1850,1
21,1881,1
21,2084,2
21,2099,1
21,2168,1
21,2252,1
21,2410,1
21,2902,1
21,3048,1
21,3113,1
21,3304,1
21,3330,5
21,3425,2
21,3465,1
21,3486,1
21,3546,1
21,3669,1
21,3685,2
21,3690,1
21,3817,1
21,4051,1
21,4134,1
21,4408,1
21,4529,2
21,4557,1
21,4563,6
21,4748,1
21,4791,1
21,4824,1
21,4825,1
21,5196,2
21,5664,11
21,5665,1
21,6182,1
21,6262,1
21,6369,1
21,6476,2
21,6652,1
21,6713,2
21,6776,2
21,7019,2
21,7336,5
21,7442,4
21,7623,1
21,7751,2
21,7801,1
21,7886,1
21,7962,3
21,8015,1
21,8119,1
21,8403,1
21,8457,1
21,8605,3
21,8734,1
21,9227,1
21,9510,1
21,9545,1
21,9556,1
21,9619,1
21,9627,1
21,9970,1
21,10022,1
21,10230,1
21,10238,2
21,10417,1
21,10468,1
21,10616,1
21,11027,1
21,11447,1
21,11532,1
21,11542,3
21,11963,1
21,12096,1
21,12239,2
21,12275,1
21,12299,1
21,12415,1
21,12468,1
21,12474,2
21,12489,1
21,12837,1
21,12885,1
21,12923,1
21,13162,2
21,13763,1
21,13775,6
21,13924,1
21,14179,1
21,14226,2
21,14306,1
21,14322,1
21,14415,1
21,14439,2
21,14752,1
21,14925,1
21,14984,6
21,15023,1
21,15089,3
21,15159,5
21,15329,1
21,15331,1
21,15336,1
21,15445,1
21,15625,1
21,15943,1
21,16147,1
21,16180,3
21,16184,1
21,16546,1
21,16637,3
21,16640,2
21,16723,1
21,16725,7
21,16884,2
21,17305,1
21,17374,3
21,17701,1
21,17729,1
21,17746,1
21,17758,1
21,17799,3
21,17861,1
21,17878,1
21,17915,5
21,17916,1
21,18480,1
21,18602,5
21,18607,6
21,18665,1
21,18954,1
21,19035,1
21,19042,1
21,19230,1
21,19515,1
21,19663,1
21,19810,1
21,19886,3
21,20026,1
21,20035,4
21,20219,1
21,20354,1
21,20356,9
21,20358,1
21,20359,1
21,20368,2
21,20747,1
21,20786,2
21,20937,1
21,20974,1
21,21016,1
21,21127,2
21,21283,1
21,21309,1
21,21330,1
21,21368,1
21,21424,2
21,21490,2
21,21600,1
21,21664,1
21,21823,1
21,21843,1
21,22148,1
21,22291,1
21,22667,1
21,22973,3
21,23084,1
21,23086,1
21,23209,3
21,23379,1
21,23635,1
21,23680,1
21,23829,1
22,813,1
22,937,1
22,2165,1
22,2334,1
22,2727,1
22,3370,1
22,4089,1
22,4542,1
22,4825,1
22,5864,2
22,5955,1
22,6175,1
22,9415,1
22,9422,2
22,10066,1
22,10179,1
22,10224,1
22,10308,1
22,11042,1
22,12125,1
22,12833,1
22,12997,1
22,13933,1
22,14415,1
22,14433,1
22,15302,1
22,15726,1
22,15727,2
22,15814,2
22,16559,1
22,16637,1
22,16726,1
22,16777,1
22,17382,2
22,17961,1
22,18480,1
22,18614,1
22,19126,2
22,19876,2
22,20147,2
22,20658,1
22,21523,1
23,140,1
23,157,2
23,212,2
23,227,1
23,430,2
23,435,1
23,776,2
23,940,2
23,957,1
23,1099,1
23,1589,2
23,1590,1
23,2006,1
23,2084,2
23,2223,1
23,2619,1
23,2792,1
23,2795,1
23,2916,1
23,3048,2
23,3300,1
23,3425,1
23,3559,1
23,3640,3
23,3644,2
23,3857,1
23,3899,1
23,3920,1
23,3938,1
23,3941,6
23,3950,1
23,3991,1
23,4136,2
23,4181,1
23,4202,1
23,4280,2
23,4285,1
23,4449,1
23,4551,1
23,4584,4
23,4824,1
23,4987,1
23,5010,1
23,5045,1
23,5288,1
23,5346,2
23,5557,2
23,5618,1
23,5696,1
23,5770,1
23,5932,1
23,5986,1
23,6044,1
23,6279,1
23,6369,1
23,6476,2
23,6611,1
23,6778,1
23,6885,1
23,7001,1
23,7124,1
23,7200,1
23,7336,2
23,7438,1
23,7442,1
23,7462,4
23,7525,3
23,7553,1
23,7578,1
23,7619,2
23,7751,2
23,7782,1
23,7815,2
23,7887,2
23,7962,4
23,8243,1
23,8605,1
23,8804,6
23,9109,1
23,9180,2
23,9191,1
23,9219,1
23,9244,1
23,9278,1
23,9420,2
23,9422,1
23,9913,1
23,9960,6
23,9969,1
23,10019,1
23,10080,1
23,10092,2
23,10130,2
23,10238,3
23,10239,1
23,10319,1
23,10398,17
23,10490,1
23,11342,1
23,11879,3
23,12125,1
23,12210,4
23,12228,11
23,12234,6
23,12253,3
23,12288,1
23,12435,6
23,12563,1
23,12605,2
23,12837,1
23,12850,4
23,12926,2
23,12991,1
23,12997,1
23,13001,1
23,13162,2
23,13269,1
23,13322,1
23,13369,1
23,13389,1
23,13775,1
23,13822,1
23,13888,1
23,13992,2
23,14100,1
23,14179,2
23,14661,1
23,14740,2
23,14818,3
23,14888,2
23,14984,2
23,15089,1
23,15092,1
23,15194,1
23,15306,1
23,15307,1
23,15328,1
23,15608,1
23,15652,1
23,15707,2
23,15814,1
23,15977,1
23,16146,1
23,16180,3
23,16259,2
23,16550,4
23,16637,1
23,16638,1
23,16645,1
23,16695,1
23,16725,2
23,16737,5
23,16862,2
23,16884,1
23,16961,1
23,17007,2
23,17109,1
23,17113,1
23,17141,9
23,17254,2
23,17255,2
23,17260,1
23,17305,1
23,17374,3
23,17380,1
23,17420,1
23,17567,1
23,17679,1
23,17701,1
23,17702,1
23,17752,1
23,17758,2
23,17778,1
23,17799,2
23,17841,2
23,17938,1
23,17990,1
23,18343,1
23,18513,2
23,18603,1
23,18840,3
23,18882,1
23,19042,1
23,19070,1
23,19224,1
23,19230,1
23,19261,1
23,19565,1
23,19612,2
23,19828,2
23,20035,7
23,20220,1
23,20330,1
23,20347,1
23,20426,1
23,20498,1
23,20528,1
23,20786,1
23,21028,2
23,21259,1
23,21309,2
23,21360,2
23,21368,1
23,21508,1
23,21566,1
23,21843,3
23,22148,1
23,22156,1
23,22300,1
23,22345,1
23,22358,1
23,22360,1
23,22519,1
23,22759,1
23,22954,1
23,22982,1
23,23095,1
23,23113,1
23,23207,1
23,23336,1
23,23485,1
23,23635,2
23,23650,1
24,104,1
24,141,3
24,259,21
24,677,1
24,680,1
24,776,1
24,1314,2
24,1760,9
24,1788,1
24,2084,2
24,2491,1
24,2719,2
24,2723,1
24,2808,1
24,2886,2
24,3163,1
24,3330,1
24,3397,4
24,3612,1
24,3617,1
24,3751,2
24,3815,1
24,3869,1
24,4557,1
24,4823,3
24,4981,1
24,5224,1
24,5388,2
24,5606,2
24,5646,1
24,5723,1
24,5843,1
24,5864,4
24,5875,1
24,6476,19
24,6575,1
24,6640,2
24,6697,1
24,7074,2
24,7143,1
24,7225,1
24,7442,1
24,7552,1
24,7751,1
24,7815,1
24,7962,1
24,7999,1
24,8087,1
24,8422,1
24,8564,1
24,8838,2
24,8967,1
24,9340,1
24,9634,1
24,9724,1
24,10022,1
24,10080,1
24,10082,1
24,10087,1
24,10496,1
24,10688,1
24,10729,2
24,12096,1
24,12275,1
24,12344,1
24,12380,5
24,12756,2
24,12798,2
24,12803,1
24,12807,2
24,12837,1
24,12926,1
24,13283,1
24,13541,1
24,13574,1
24,14179,2
24,14306,1
24,14415,1
24,14795,2
24,14818,6
24,15089,2
24,15143,1
24,15194,5
24,15197,1
24,15351,1
24,15424,2
24,15429,1
24,15705,1
24,15707,1
24,15709,5
24,15849,1
24,16180,2
24,16220,1
24,16363,1
24,16365,3
24,16366,1
24,16367,1
24,16418,3
24,16430,1
24,16637,4
24,16710,1
24,16753,2
24,16828,3
24,16994,2
24,17142,1
24,17374,1
24,17399,1
24,17500,2
24,17578,2
24,17701,1
24,17702,1
24,17904,1
24,17915,1
24,18131,1
24,18480,13
24,18776,1
24,18954,3
24,18975,1
24,19000,1
24,19461,1
24,19647,3
24,19708,1
24,19723,1
24,20027,1
24,20112,3
24,20206,1
24,20508,1
24,20528,2
24,20549,2
24,20857,1
24,20998,1
24,21085,1
24,21106,1
24,21281,2
24,21373,1
24,21557,1
24,21563,5
24,21603,1
24,21714,1
24,21823,1
24,21946,4
24,22238,1
24,22477,2
24,23324,3
24,23333,1
24,23395,1
24,23416,1
24,23478,1
24,23528,1
24,23818,1
25,248,1
25,683,1
25,1037,1
25,3290,1
25,3640,2
25,3857,1
25,4629,1
25,5010,1
25,5139,1
25,5540,1
25,5621,1
25,6175,1
25,6476,1
25,6636,2
25,7007,1
25,7014,1
25,7077,1
25,7880,4
25,8843,1
25,9593,1
25,10083,1
25,10238,1
25,10252,1
25,10469,1
25,12380,1
25,12383,1
25,12410,1
25,12498,1
25,12700,1
25,12774,1
25,12833,1
25,13322,1
25,13389,1
25,13509,1
25,13541,2
25,14366,1
25,14372,1
25,14718,1
25,15441,1
25,15589,1
25,16140,1
25,16180,1
25,16795,1
25,17378,1
25,17554,1
25,17802,1
25,18439,1
25,18602,1
25,18800,3
25,19439,7
25,19580,1
25,19781,1
25,20344,1
25,20345,4
25,21268,1
25,21309,1
25,21368,2
25,21689,2
25,22192,1
25,22338,1
25,22358,1
25,22372,1
25,22776,1
25,22954,2
25,23034,6
25,23324,1
25,23604,1
26,54,1
26,213,1
26,216,1
26,225,2
26,227,3
26,228,3
26,233,1
26,248,1
26,259,3
26,338,3
26,648,1
26,680,1
26,726,1
26,1273,2
26,1314,2
26,1468,1
26,1590,3
26,1671,2
26,1904,2
26,1942,1
26,2084,1
26,2099,2
26,2185,1
26,2224,1
26,2274,1
26,2404,1
26,2491,1
26,2499,5
26,2599,1
26,2818,1
26,2976,3
26,3163,2
26,3194,5
26,3304,1
26,3453,1
26,3559,1
26,3684,1
26,3690,4
26,3751,1
26,3869,2
26,3875,1
26,3882,1
26,3890,1
26,3955,2
26,3956,1
26,3992,1
26,4024,1
26,4051,4
26,4319,1
26,4384,1
26,4447,2
26,4489,1
26,4557,1
26,4987,1
26,5010,1
26,5361,1
26,5540,6
26,5544,1
26,5558,3
26,5706,1
26,5707,1
26,5709,1
26,5947,2
26,6029,1
26,6182,2
26,6369,1
26,6698,1
26,6999,2
26,7014,5
26,7019,2
26,7121,1
26,7446,2
26,7552,1
26,7589,1
26,7623,2
26,7749,1
26,7751,1
26,7815,2
26,7962,1
26,8080,1
26,8090,1
26,8184,9
26,8422,2
26,8486,1
26,8487,2
26,8488,4
26,8494,1
26,8495,1
26,8712,3
26,8736,1
26,8843,1
26,8866,1
26,8904,1
26,9001,1
26,9056,1
26,9184,1
26,9310,1
26,9341,2
26,9527,1
26,9591,1
26,9607,2
26,9801,3
26,9954,1
26,10083,1
26,10230,1
26,10238,1
26,10352,1
26,10381,2
26,10413,2
26,10438,1
26,10469,1
26,11455,1
26,11532,1
26,11542,1
26,11974,1
26,11985,1
26,12253,8
26,12380,1
26,12717,1
26,12738,2
26,12773,2
26,12798,2
26,12807,2
26,12837,1
26,12926,2
26,12991,1
26,12997,1
26,13242,1
26,13279,2
26,13282,2
26,13698,1
26,13938,1
26,13992,1
26,14048,1
26,14100,1
26,14179,2
26,14415,1
26,14876,1
26,14984,1
26,15089,2
26,15183,3
26,15194,4
26,15424,1
26,15534,4
26,15598,1
26,15619,1
26,15651,2
26,15715,1
26,15806,2
26,15879,1
26,15977,1
26,16166,1
26,16170,1
26,16180,3
26,16352,1
26,16363,1
26,16637,1
26,16753,7
26,16862,1
26,16994,1
26,17027,2
26,17109,1
26,17197,2
26,17255,1
26,17305,1
26,17315,1
26,17320,2
26,17322,2
26,17328,1
26,17374,1
26,17375,1
26,17620,1
26,17679,1
26,17799,1
26,17804,2
26,17806,1
26,18199,3
26,18225,1
26,18358,2
26,18614,4
26,18800,3
26,18827,1
26,18854,1
26,18954,1
26,18975,1
26,19066,1
26,19073,1
26,19079,3
26,19081,1
26,19375,1
26,19647,3
26,19657,1
26,19686,1
26,19739,3
26,19740,1
26,19810,1
26,20026,2
26,20035,1
26,20131,1
26,20162,1
26,20786,1
26,20801,4
26,20805,2
26,20974,1
26,21116,1
26,21194,4
26,21197,3
26,21309,2
26,21338,1
26,21494,1
26,21600,1
26,21615,1
26,21710,2
26,21758,1
26,21776,1
26,22143,1
26,22199,1
26,22312,1
26,22341,1
26,22372,1
26,22398,1
26,22546,1
26,22664,2
26,22695,1
26,22761,11
26,22820,1
26,22989,3
26,23007,1
26,23113,1
26,23162,1
26,23290,1
26,23294,1
26,23324,1
26,23375,3
26,23382,1
26,23434,1
26,23460,3
26,23475,1
26,23478,2
26,23587,1
26,23818,1
27,207,3
27,216,1
27,576,2
27,812,1
27,883,1
27,974,6
27,1068,1
27,1079,1
27,1183,1
27,1272,1
27,1353,1
27,1368,1
27,1387,1
27,1545,2
27,2410,3
27,2513,1
27,2866,1
27,2887,1
27,3304,1
27,3425,2
27,3683,1
27,3826,1
27,3920,1
27,3966,3
27,4021,1
27,4098,1
27,4299,1
27,4385,2
27,4614,1
27,4615,2
27,4799,2
27,4801,1
27,4812,1
27,4987,1
27,5361,1
27,5388,1
27,5559,1
27,5688,1
27,5694,1
27,5714,1
27,5793,2
27,6103,2
27,6272,1
27,6422,1
27,6542,1
27,6921,1
27,7044,1
27,7051,1
27,7150,1
27,7151,3
27,7292,1
27,7525,1
27,7623,1
27,7734,1
27,7751,1
27,7815,1
27,7915,1
27,8102,1
27,8671,1
27,8684,4
27,8866,3
27,9057,1
27,9646,1
27,9650,1
27,9681,1
27,9936,1
27,9948,1
27,10035,1
27,10133,1
27,10224,1
27,10238,1
27,10435,2
27,10455,1
27,10564,1
27,10565,1
27,10570,1
27,10605,2
27,10699,2
27,11103,1
27,11822,1
27,11836,6
27,12096,1
27,12255,1
27,12323,11
27,12327,2
27,12561,1
27,13049,1
27,13162,1
27,13242,2
27,13422,2
27,13425,1
27,13638,1
27,13643,1
27,13698,1
27,14754,1
27,14826,1
27,14911,1
27,15194,2
27,15210,1
27,15222,1
27,15363,1
27,15568,1
27,15602,2
27,16180,1
27,16437,2
27,16441,1
27,16443,1
27,16585,1
27,16588,1
27,16604,1
27,16702,1
27,16710,1
27,16721,1
27,16726,2
27,16740,2
27,16802,1
27,16944,1
27,16962,1
27,17438,1
27,17500,1
27,17786,1
27,17816,3
27,17863,1
27,17904,1
27,18193,1
27,18234,2
27,18744,1
27,18834,2
27,18933,1
27,19024,1
27,19612,2
27,19803,3
27,19843,1
27,20106,2
27,20250,1
27,20269,1
27,20281,1
27,20699,1
27,20866,4
27,20925,2
27,21163,4
27,21221,2
27,21328,1
27,21560,1
27,21709,1
27,21823,3
27,22048,1
27,22147,2
27,22156,3
27,22179,2
27,22358,1
27,22477,1
27,22769,1
27,23333,1
27,23484,1
27,23508,1
28,935,1
28,2795,1
28,3673,1
28,3908,1
28,3941,1
28,4447,2
28,5618,1
28,5770,1
28,7408,1
28,10066,2
28,12021,1
28,12756,1
28,12954,1
28,13001,2
28,13162,3
28,14359,2
28,14915,2
28,14984,2
28,14986,3
28,15814,1
28,16637,1
28,16857,3
28,18840,1
28,18919,1
28,19126,2
28,19663,1
28,20035,1
28,20441,1
28,20958,1
28,23220,1
28,23388,1
28,23434,2
29,86,1
29,228,1
29,341,1
29,680,1
29,969,1
29,1197,1
29,1199,1
29,1586,3
29,1624,1
29,3288,2
29,3304,5
29,3572,2
29,3574,1
29,4299,1
29,4308,2
29,4979,3
29,5422,1
29,5460,1
29,5547,1
29,5550,1
29,5606,1
29,6443,2
29,6642,2
29,8684,1
29,9244,1
29,9347,1
29,9415,1
29,9556,2
29,9627,1
29,10019,2
29,11041,1
29,11102,1
29,11662,6
29,11836,2
29,12012,2
29,12064,1
29,12327,1
29,12402,1
29,13091,1
29,13422,1
29,13425,1
29,13505,1
29,13698,1
29,14754,1
29,14921,1
29,15013,2
29,15161,1
29,15685,1
29,15855,1
29,15876,1
29,16437,2
29,16765,1
29,17254,2
29,17525,1
29,17758,1
29,17948,1
29,18064,1
29,18706,1
29,18853,1
29,19252,1
29,20046,1
29,20052,2
29,20691,1
29,20699,1
29,21153,1
29,21946,2
29,22179,1
29,22358,1
29,22372,1
29,22506,1
29,22507,1
29,23333,1
29,23425,1
30,2085,1
30,3169,1
30,4529,1
30,5674,1
30,7804,1
30,8843,1
30,9326,1
30,9351,1
30,9650,1
30,10287,1
30,10357,1
30,11009,1
30,11469,1
30,12596,1
30,13322,1
30,16746,1
30,16962,1
30,17419,1
30,19393,1
30,22195,1
30,22769,1
31,1026,1
31,1109,1
31,1871,1
31,1876,1
31,2410,1
31,2453,1
31,3826,1
31,4542,1
31,5891,1
31,6272,1
31,7307,1
31,8605,1
31,9326,1
31,9735,1
31,9736,1
31,13874,1
31,13992,1
31,15997,1
31,17417,1
31,19505,1
31,19752,1
31,21120,1
31,22027,1
32,347,1
32,745,1
32,1347,1
32,1814,1
32,1964,1
32,2619,1
32,2654,1
32,2888,1
32,3048,1
32,3127,1
32,3244,3
32,3380,1
32,3572,1
32,3968,1
32,4012,3
32,4244,1
32,4557,1
32,4910,1
32,6279,1
32,6378,1
32,6665,1
32,7069,1
32,7156,1
32,7157,1
32,8495,1
32,8600,1
32,8605,1
32,8620,1
32,8622,1
32,8635,1
32,8919,1
32,9111,1
32,10078,1
32,11102,1
32,11239,2
32,11447,1
32,11836,2
32,12102,1
32,12253,1
32,12380,1
32,12410,1
32,12872,1
32,12892,1
32,13162,1
32,14092,1
32,14100,1
32,14179,1
32,14230,4
32,14795,2
32,15089,3
32,15361,1
32,15419,1
32,15420,1
32,15847,1
32,16365,1
32,16811,1
32,16814,2
32,16882,1
32,17027,1
32,17938,1
32,18614,1
32,18909,1
32,19722,1
32,19741,1
32,19801,1
32,19802,2
32,20543,1
32,20793,1
32,21705,1
32,21708,1
32,22771,1
32,23007,1
32,23395,1
33,338,2
33,2791,1
33,3640,1
33,3857,3
33,6476,1
33,7014,1
33,7962,1
33,8361,1
33,8494,1
33,9646,2
33,9650,2
33,10974,1
33,12299,1
33,13821,1
33,14746,1
33,16999,1
33,17001,2
33,17027,1
33,17701,1
33,17702,1
33,19070,1
33,19439,1
33,20330,1
33,22695,1
33,23254,2
33,23508,2
33,23587,1
34,212,1
34,812,3
34,818,1
34,916,1
34,1164,1
34,1196,1
34,1329,1
34,1590,2
34,1814,2
34,1991,1
34,2014,2
34,3101,1
34,3230,1
34,3304,1
34,3539,2
34,3593,1
34,3908,1
34,4055,1
34,4075,1
34,4079,2
34,4114,1
34,4231,2
34,4264,1
34,4349,3
34,4485,1
34,4799,1
34,4824,3
34,5235,1
34,5377,1
34,5540,2
34,5544,1
34,5694,1
34,5754,1
34,5756,2
34,5869,1
34,6161,3
34,6272,1
34,6512,1
34,6548,1
34,6642,2
34,6734,1
34,6782,1
34,6903,1
34,6961,2
34,7023,1
34,7285,1
34,7286,2
34,7333,1
34,7430,3
34,7646,1
34,7815,1
34,8092,1
34,8398,1
34,8533,1
34,8686,1
34,9061,1
34,9156,2
34,9202,2
34,9322,2
34,9415,1
34,9420,1
34,9850,2
34,9896,1
34,10018,1
34,10156,1
34,10157,1
34,10219,1
34,10435,1
34,10440,1
34,10526,1
34,10585,2
34,10737,2
34,10835,1
34,10980,1
34,11020,2
34,11447,1
34,11745,1
34,11836,9
34,11843,1
34,12305,2
34,12323,5
34,12327,2
34,12362,1
34,12777,1
34,12994,1
34,12995,2
34,13112,1
34,13334,1
34,13471,1
34,13638,3
34,13644,1
34,13713,3
34,13831,1
34,14059,1
34,14415,1
34,14818,1
34,14833,2
34,14904,1
34,15608,1
34,16437,2
34,16454,2
34,16604,2
34,16702,1
34,16888,2
34,17078,1
34,17083,1
34,17216,1
34,17627,2
34,17671,1
34,18247,1
34,18929,2
34,18946,1
34,18947,1
34,19024,1
34,19049,1
34,19126,1
34,19328,1
34,19608,1
34,19612,2
34,19622,1
34,19624,1
34,19626,1
34,19999,1
34,20046,1
34,20281,5
34,20302,1
34,20691,1
34,20715,3
34,21006,1
34,21014,1
34,21085,3
34,21106,1
34,21163,3
34,21363,2
34,21395,1
34,21526,1
34,21693,1
34,21823,1
34,22156,1
34,22179,1
34,22227,1
34,22506,3
34,22586,1
34,22820,1
34,22835,1
34,23007,2
34,23416,1
34,23485,3
34,23544,1
34,23549,1
34,23663,1
35,216,1
35,338,1
35,7962,1
35,8487,1
35,9646,1
35,9650,1
35,10133,1
35,10928,1
35,11027,1
35,20836,1
35,20937,1
35,20996,1
35,21368,1
35,21639,1
35,22919,1
36,1125,1
36,2184,1
36,3640,2
36,3653,1
36,12380,1
36,12807,1
36,17702,1
36,18842,1
36,19083,1
36,19439,1
37,3640,2
37,3857,2
37,4627,1
37,4960,1
37,5010,2
37,5406,1
37,5893,1
37,6188,1
37,7962,1
37,7982,1
37,8882,1
37,9603,1
37,9613,1
37,9650,1
37,11421,2
37,11423,1
37,11974,1
37,12344,1
37,12380,1
37,12807,1
37,13322,1
37,14484,1
37,14661,1
37,15662,1
37,15821,1
37,16127,1
37,16773,1
37,17480,1
37,17701,1
37,17702,1
37,18480,1
37,19335,1
37,19567,2
37,20330,1
37,20524,1
37,20715,1
37,21309,3
37,22655,1
37,23195,1
37,23416,3
37,23508,1
38,59,1
38,680,1
38,1024,1
38,1183,1
38,3457,1
38,3875,1
38,3948,1
38,5540,2
38,6903,1
38,8128,1
38,8684,1
38,9837,1
38,12321,1
38,12926,1
38,15997,1
38,16365,1
38,17682,1
38,18706,1
38,18807,1
38,19202,1
38,19252,1
38,19692,1
38,20045,1
38,20176,1
38,20461,1
38,20555,1
38,20699,1
38,21153,1
38,21568,1
38,21604,1
38,22016,1
38,23333,2
38,23380,1
38,23416,1
39,52,1
39,400,1
39,456,3
39,677,1
39,680,1
39,1011,1
39,1026,3
39,1075,1
39,1183,1
39,1534,1
39,2931,2
39,3048,1
39,3049,1
39,3052,1
39,3116,1
39,3908,1
39,4437,1
39,5287,2
39,6713,1
39,6915,1
39,7057,1
39,7880,1
39,8191,1
39,8300,1
39,8343,4
39,8344,1
39,9163,1
39,9345,1
39,10469,1
39,11218,1
39,11532,3
39,11836,7
39,12871,1
39,13509,1
39,14100,1
39,14186,1
39,15039,1
39,15044,1
39,15351,1
39,16011,1
39,16535,1
39,16618,1
39,17109,1
39,19288,1
39,19367,1
39,19661,1
39,20424,1
39,20452,1
39,20786,1
39,21120,1
39,21239,1
39,21823,1
39,22323,1
39,23503,1
40,228,1
40,253,1
40,259,1
40,541,1
40,724,1
40,776,1
40,927,2
40,1026,1
40,1564,1
40,2224,3
40,2778,3
40,2869,1
40,2908,1
40,2909,2
40,3397,1
40,4280,3
40,4987,3
40,5010,2
40,5172,1
40,6576,1
40,6713,1
40,6999,2
40,7014,1
40,7751,2
40,7807,3
40,7815,1
40,8015,5
40,8101,4
40,8128,1
40,8456,1
40,8494,1
40,10019,1
40,12228,3
40,12239,2
40,12253,1
40,12380,1
40,12444,1
40,12798,1
40,12837,1
40,13618,1
40,13624,1
40,13775,1
40,14100,1
40,14179,1
40,14410,4
40,14450,2
40,14795,1
40,14925,1
40,15089,1
40,15121,1
40,15194,6
40,15424,3
40,15458,1
40,15705,1
40,15977,1
40,16127,1
40,16180,1
40,16370,1
40,16659,1
40,16667,1
40,17374,4
40,17375,1
40,17628,3
40,17680,1
40,17685,1
40,17686,2
40,17687,4
40,17888,3
40,18834,1
40,18954,4
40,19042,2
40,19675,1
40,19810,2
40,20162,1
40,20998,2
40,21116,1
40,21194,1
40,21197,1
40,21309,1
40,21368,1
40,22195,1
40,22284,1
40,22709,1
40,22726,1
40,22801,2
40,22917,1
40,22954,3
40,23084,1
40,23635,1
41,54,1
41,2084,1
41,2194,1
41,2262,1
41,3300,1
41,3370,1
41,3857,2
41,6119,1
41,7007,1
41,8584,1
41,8605,1
41,9326,1
41,9650,2
41,10065,1
41,10238,2
41,10469,1
41,10540,1
41,11003,1
41,11889,1
41,13509,1
41,14433,3
41,14954,1
41,16169,1
41,17074,1
41,17328,2
41,17566,1
41,17643,1
41,17795,1
41,17796,1
41,18854,1
41,19042,2
41,19356,3
41,19704,1
41,21228,1
41,21794,1
41,22143,1
41,22358,1
41,23084,1
41,23306,1
41,23508,2
42,80,7
42,108,1
42,253,1
42,259,3
42,395,1
42,950,1
42,1183,1
42,1214,4
42,1368,1
42,1545,2
42,1646,1
42,2491,1
42,2866,1
42,2869,1
42,2976,1
42,3283,1
42,3323,1
42,3906,1
42,4127,1
42,4447,1
42,4502,1
42,4754,1
42,5033,1
42,5276,1
42,6452,1
42,6476,3
42,6642,1
42,7057,1
42,7408,1
42,7751,1
42,8289,1
42,9627,1
42,9847,1
42,10071,2
42,10080,1
42,10081,1
42,10133,1
42,10468,1
42,10618,2
42,10843,1
42,11132,1
42,11879,1
42,12323,1
42,12327,1
42,12526,1
42,12968,1
42,13162,1
42,13199,1
42,13585,1
42,14818,1
42,14954,1
42,15089,2
42,15441,2
42,15519,1
42,15814,1
42,16180,1
42,16220,1
42,16884,1
42,17500,1
42,17816,1
42,18552,1
42,18975,1
42,18988,1
42,19551,1
42,19802,1
42,20035,3
42,20359,1
42,20801,1
42,20969,1
42,20987,2
42,21027,1
42,21116,1
42,21163,1
42,21338,1
42,21846,1
42,22179,4
42,22481,1
42,22667,1
42,23076,2
42,23113,1
42,23144,1
43,54,1
43,84,1
43,104,1
43,114,1
43,204,1
43,246,3
43,248,2
43,251,2
43,253,2
43,259,20
43,353,1
43,648,1
43,660,1
43,663,1
43,680,6
43,754,1
43,776,2
43,916,1
43,946,1
43,1032,2
43,1590,1
43,1671,1
43,1760,1
43,1825,1
43,1978,1
43,2084,1
43,2404,1
43,2465,2
43,2469,1
43,2633,1
43,2692,1
43,2724,1
43,2795,2
43,2798,1
43,2869,1
43,2888,1
43,2976,3
43,3126,1
43,3163,11
43,3215,2
43,3330,1
43,3370,10
43,3453,1
43,3559,1
43,3612,1
43,3613,1
43,3618,1
43,3671,1
43,3751,1
43,3791,1
43,3866,1
43,3869,1
43,3941,2
43,3992,1
43,4041,1
43,4240,1
43,4285,1
43,4323,1
43,4324,1
43,4367,1
43,4529,1
43,4569,1
43,4637,1
43,4649,2
43,4839,1
43,4844,1
43,4855,2
43,4981,1
43,4987,3
43,4999,1
43,5010,3
43,5105,1
43,5180,1
43,5199,1
43,5864,1
43,5869,1
43,5985,1
43,6095,1
43,6097,2
43,6172,1
43,6272,1
43,6297,2
43,6428,1
43,6463,1
43,6476,13
43,6478,1
43,6903,6
43,6999,1
43,7001,1
43,7014,1
43,7046,1
43,7073,1
43,7158,1
43,7206,1
43,7223,1
43,7246,2
43,7408,10
43,7548,8
43,7597,1
43,7657,2
43,7751,1
43,7815,3
43,7824,1
43,7905,1
43,7962,1
43,8009,1
43,8264,1
43,8322,1
43,8422,1
43,8497,1
43,8586,1
43,8642,1
43,9227,1
43,9302,2
43,9340,1
43,9355,1
43,9613,1
43,9622,1
43,9667,2
43,9705,1
43,9970,1
43,10081,1
43,10083,2
43,10238,2
43,10566,1
43,11398,1
43,11424,1
43,11532,1
43,11742,1
43,12096,4
43,12253,7
43,12299,2
43,12380,10
43,12569,2
43,12756,1
43,12798,1
43,12837,1
43,12926,3
43,12997,1
43,13080,2
43,13162,1
43,13217,1
43,13522,1
43,13541,11
43,13618,1
43,13655,1
43,13775,1
43,14179,6
43,14284,1
43,14306,1
43,14307,1
43,14415,6
43,14450,1
43,14795,1
43,14818,2
43,14826,1
43,14984,1
43,14990,2
43,15089,4
43,15141,1
43,15194,9
43,15210,1
43,15237,2
43,15253,1
43,15306,2
43,15307,1
43,15351,2
43,15374,1
43,15424,3
43,15654,2
43,15705,1
43,15806,3
43,15814,2
43,15849,1
43,15977,2
43,16127,1
43,16180,3
43,16206,1
43,16392,1
43,16546,1
43,16637,2
43,16659,1
43,16667,1
43,16725,1
43,16726,1
43,16733,1
43,16753,6
43,16794,1
43,16948,1
43,16964,1
43,16994,2
43,16995,1
43,17034,1
43,17074,1
43,17109,1
43,17121,1
43,17213,2
43,17216,2
43,17254,1
43,17374,3
43,17375,4
43,17477,1
43,17640,1
43,17667,1
43,17701,7
43,17799,1
43,17804,1
43,17888,1
43,17904,1
43,18064,1
43,18140,1
43,18358,1
43,18513,2
43,18580,1
43,18602,1
43,18615,1
43,18842,1
43,18853,1
43,18882,1
43,18924,1
43,18954,1
43,18975,1
43,18989,1
43,18997,1
43,19037,1
43,19042,2
43,19063,1
43,19077,1
43,19205,5
43,19331,1
43,19375,1
43,19384,1
43,19723,1
43,19781,1
43,20027,2
43,20035,1
43,20069,1
43,20166,1
43,20484,1
43,20786,3
43,21085,1
43,21106,1
43,21120,1
43,21171,1
43,21268,1
43,21309,1
43,21368,2
43,21423,1
43,21433,1
43,21457,1
43,21461,1
43,21481,2
43,21494,1
43,21594,1
43,21628,2
43,21811,1
43,21838,1
43,21843,1
43,21855,1
43,22043,3
43,22284,1
43,22358,2
43,22360,1
43,22372,3
43,22765,2
43,22828,2
43,22835,1
43,22888,1
43,23007,1
43,23054,1
43,23086,1
43,23095,1
43,23416,2
43,23450,1
43,23460,4
43,23650,1
43,23818,1
44,259,1
44,503,2
44,2107,1
44,2184,1
44,2398,1
44,3896,1
44,4529,1
44,6476,3
44,6477,1
44,8422,3
44,8564,1
44,8642,1
44,9588,1
44,9596,2
44,9646,1
44,9650,2
44,11532,1
44,12299,1
44,13162,1
44,14083,1
44,14359,1
44,15536,1
44,15814,1
44,16129,1
44,17701,1
44,17758,1
44,18225,2
44,18602,2
44,18834,1
44,18953,1
44,18957,2
44,18959,1
44,20138,1
44,20163,1
44,20330,1
44,20958,1
44,21085,1
44,21283,2
44,21338,1
44,21582,1
44,21600,4
44,21608,1
44,22954,1
44,23394,1
44,23395,1
44,23403,2
44,23508,1
45,70,2
45,90,1
45,93,1
45,96,1
45,187,1
45,365,1
45,670,2
45,777,1
45,841,1
45,923,1
45,924,1
45,927,1
45,934,1
45,968,1
45,1141,1
45,1384,1
45,1513,1
45,1545,2
45,1703,1
45,1712,1
45,1959,3
45,2204,1
45,2205,1
45,2223,1
45,2276,1
45,2410,1
45,2525,1
45,2845,2
45,2935,1
45,3047,2
45,3309,3
45,3323,2
45,3330,1
45,3420,1
45,3434,3
45,3436,13
45,3710,2
45,3731,4
45,3819,1
45,3855,1
45,3886,1
45,3890,1
45,3906,1
45,3990,1
45,4280,1
45,4356,1
45,4569,1
45,4801,1
45,4807,1
45,5069,1
45,5310,1
45,5477,2
45,5591,2
45,5606,1
45,5615,1
45,5791,1
45,6135,3
45,6262,2
45,6263,4
45,6264,2
45,6279,1
45,6802,1
45,6870,3
45,6880,1
45,7031,2
45,7185,1
45,7344,1
45,7408,1
45,7466,1
45,7525,1
45,7623,2
45,7646,1
45,7747,1
45,7791,1
45,7881,1
45,7884,1
45,7887,1
45,8201,3
45,8307,1
45,8325,1
45,8340,2
45,8447,1
45,8602,2
45,8840,1
45,9014,1
45,9227,1
45,9414,1
45,9420,2
45,9538,2
45,9541,1
45,9617,1
45,9654,1
45,9706,1
45,9894,2
45,9896,1
45,10082,1
45,10133,2
45,10219,1
45,10319,1
45,10370,2
45,10569,1
45,10778,1
45,10793,1
45,10979,1
45,11130,3
45,11456,1
45,11788,1
45,11836,8
45,11879,1
45,12023,1
45,12187,1
45,12192,1
45,12287,1
45,12323,2
45,12327,6
45,12626,1
45,12677,7
45,12798,1
45,13280,1
45,13295,2
45,13583,2
45,13604,1
45,13713,1
45,13796,4
45,13922,1
45,14162,1
45,14359,2
45,14600,1
45,14712,2
45,14801,1
45,14925,1
45,15089,2
45,15194,2
45,15339,2
45,15876,1
45,15966,3
45,15987,1
45,15992,3
45,15997,5
45,16180,1
45,16315,1
45,16394,1
45,16541,3
45,16944,2
45,16950,1
45,16961,2
45,16964,1
45,17052,1
45,17054,1
45,17055,1
45,17390,1
45,17968,2
45,18081,3
45,18211,1
45,18222,1
45,18223,1
45,18277,1
45,18704,1
45,18727,2
45,18733,1
45,18830,1
45,19117,1
45,19121,1
45,19169,3
45,19170,1
45,19249,1
45,19282,1
45,19292,1
45,19415,1
45,19452,1
45,19612,1
45,19697,1
45,19752,1
45,19843,2
45,20161,1
45,20233,3
45,20281,5
45,20434,1
45,20467,2
45,20715,3
45,20744,1
45,20828,1
45,20958,1
45,20998,1
45,21469,1
45,21823,1
45,22219,2
45,22666,1
45,22717,1
45,22718,1
45,22828,11
45,22835,2
45,22950,4
45,23090,1
45,23143,1
45,23353,2
45,23416,2
45,23494,1
45,23539,1
45,23543,1
45,23547,1
45,23569,1
45,23617,1
45,23622,1
45,23702,1
45,23704,2
45,23789,1
45,23791,1
45,23795,2
45,23799,1
45,23801,4
45,23827,1
45,23845,1
46,680,1
46,3012,1
46,3244,1
46,3317,1
46,4211,1
46,5276,1
46,6642,2
46,7458,1
46,7783,1
46,9373,1
46,9510,1
46,9556,1
46,9681,1
46,10424,1
46,11836,2
46,11930,1
46,12016,1
46,12323,1
46,12327,1
46,12410,1
46,13316,1
46,13349,1
46,13466,1
46,14179,1
46,14712,1
46,14746,1
46,15477,1
46,15806,1
46,16259,2
46,16386,1
46,17380,1
46,17804,1
46,17816,1
46,18064,1
46,19447,1
46,19789,1
46,20512,1
46,22179,1
46,22358,1
46,22749,1
46,23382,1
46,23444,1
46,23460,1
47,80,2
47,259,1
47,643,1
47,701,1
47,883,2
47,935,1
47,940,2
47,1128,1
47,1166,2
47,1329,1
47,1599,1
47,2084,1
47,2736,1
47,2818,1
47,2866,1
47,2869,2
47,2905,1
47,3591,1
47,3906,1
47,3948,1
47,4127,3
47,4801,2
47,4824,2
47,5276,1
47,5694,1
47,5907,1
47,5944,1
47,6272,1
47,6369,1
47,6476,1
47,6903,1
47,6975,5
47,7411,1
47,7750,1
47,8015,1
47,8331,1
47,8804,1
47,8977,1
47,9227,1
47,9371,1
47,9867,1
47,9872,1
47,10144,1
47,10160,5
47,10161,1
47,10238,1
47,10319,1
47,10455,1
47,10515,1
47,10617,1
47,11836,1
47,11888,1
47,12327,2
47,12561,2
47,12954,1
47,13098,1
47,13162,1
47,13425,1
47,13585,1
47,14100,1
47,14114,1
47,14137,2
47,14864,1
47,14984,1
47,15089,2
47,15441,1
47,15519,7
47,15652,1
47,15849,2
47,15934,2
47,16180,2
47,16629,1
47,16683,2
47,16753,1
47,17071,1
47,17375,2
47,17380,1
47,17431,1
47,17625,1
47,19064,2
47,19828,1
47,20054,1
47,20269,1
47,20281,3
47,21008,1
47,21436,1
47,21811,1
47,21823,2
47,21854,1
47,21864,1
47,21896,5
47,22179,1
47,23085,1
47,23109,1
47,23305,1
47,23635,1
48,75,1
48,104,1
48,114,1
48,141,1
48,233,7
48,246,3
48,259,2
48,345,3
48,352,1
48,354,2
48,355,1
48,643,1
48,659,2
48,680,2
48,708,1
48,723,1
48,776,1
48,897,2
48,916,1
48,957,1
48,1025,1
48,1026,1
48,1029,1
48,1037,1
48,1183,1
48,1238,1
48,1495,1
48,1564,1
48,1590,1
48,1600,1
48,1627,1
48,1671,2
48,1675,1
48,1688,1
48,1699,1
48,1788,1
48,1916,1
48,2084,1
48,2099,2
48,2165,1
48,2184,1
48,2294,1
48,2404,5
48,2410,3
48,2491,3
48,2495,1
48,2552,1
48,2598,1
48,2634,8
48,2690,1
48,2697,1
48,2705,2
48,2719,6
48,2778,4
48,2795,1
48,2869,2
48,2897,1
48,2909,1
48,2966,1
48,2976,8
48,3054,2
48,3231,1
48,3305,1
48,3355,2
48,3370,3
48,3539,2
48,3559,1
48,3595,4
48,3644,2
48,3673,1
48,3691,2
48,3720,2
48,3751,3
48,3756,1
48,3828,3
48,3846,2
48,3869,1
48,3980,1
48,3990,1
48,4051,3
48,4079,9
48,4211,1
48,4280,1
48,4449,1
48,4489,2
48,4492,1
48,4529,1
48,4542,2
48,4551,1
48,4557,2
48,4649,6
48,4844,3
48,4872,2
48,4987,2
48,5010,5
48,5071,2
48,5073,1
48,5074,2
48,5110,1
48,5112,1
48,5199,1
48,5260,1
48,5265,1
48,5276,1
48,5306,2
48,5376,1
48,5388,2
48,5490,1
48,5521,1
48,5539,1
48,5540,1
48,5664,1
48,5665,1
48,5674,2
48,5864,1
48,5961,5
48,6004,11
48,6039,2
48,6113,2
48,6162,1
48,6182,1
48,6262,1
48,6297,1
48,6298,1
48,6306,3
48,6369,2
48,6403,3
48,6476,19
48,6636,2
48,6642,1
48,6665,1
48,6745,2
48,6825,1
48,6999,5
48,7007,3
48,7014,1
48,7017,1
48,7019,1
48,7044,1
48,7048,1
48,7129,1
48,7134,1
48,7176,1
48,7194,4
48,7206,2
48,7267,1
48,7285,1
48,7297,1
48,7300,2
48,7324,1
48,7333,1
48,7408,2
48,7446,2
48,7455,1
48,7460,1
48,7543,1
48,7548,1
48,7575,1
48,7578,1
48,7586,12
48,7619,2
48,7623,5
48,7655,1
48,7749,2
48,7751,2
48,7754,2
48,7771,1
48,7807,1
48,7815,2
48,7852,1
48,7880,1
48,7887,1
48,7892,2
48,7962,7
48,7999,1
48,8015,2
48,8054,2
48,8080,4
48,8087,1
48,8128,2
48,8155,1
48,8206,1
48,8210,1
48,8321,1
48,8324,2
48,8422,9
48,8428,1
48,8494,1
48,8564,1
48,8584,2
48,8586,1
48,8600,1
48,8605,1
48,8634,1
48,8804,1
48,8842,1
48,8866,27
48,8967,1
48,9043,1
48,9056,2
48,9169,1
48,9184,1
48,9191,1
48,9239,1
48,9244,2
48,9246,1
48,9422,1
48,9484,1
48,9510,3
48,9551,1
48,9613,1
48,9622,1
48,9667,2
48,9705,5
48,9837,1
48,9954,1
48,9969,1
48,9970,1
48,10018,2
48,10020,1
48,10080,1
48,10081,1
48,10092,5
48,10112,1
48,10146,1
48,10189,2
48,10238,5
48,10244,2
48,10468,1
48,10495,1
48,10501,36
48,10729,1
48,10867,1
48,11003,1
48,11023,1
48,11032,1
48,11033,1
48,11314,4
48,11532,9
48,11860,1
48,11879,1
48,11888,3
48,11889,1
48,11960,2
48,11974,2
48,11977,1
48,11985,1
48,11990,1
48,12096,1
48,12102,2
48,12106,1
48,12125,1
48,12220,1
48,12253,6
48,12275,3
48,12299,4
48,12380,4
48,12385,1
48,12386,1
48,12400,1
48,12423,2
48,12525,1
48,12539,1
48,12541,2
48,12565,2
48,12569,1
48,12581,1
48,12756,2
48,12798,5
48,12807,6
48,12835,1
48,12837,12
48,12843,1
48,12926,2
48,12997,6
48,12998,1
48,12999,4
48,13001,14
48,13005,2
48,13158,1
48,13162,1
48,13241,1
48,13388,1
48,13389,1
48,13541,2
48,13554,1
48,13558,1
48,13585,1
48,13686,1
48,13697,1
48,13775,6
48,13821,4
48,13861,1
48,13933,1
48,13935,1
48,13992,5
48,14179,8
48,14306,1
48,14359,7
48,14371,1
48,14410,1
48,14415,1
48,14433,1
48,14435,1
48,14437,2
48,14439,4
48,14450,1
48,14499,1
48,14572,1
48,14795,12
48,14899,1
48,14984,6
48,14985,3
48,15004,1
48,15089,3
48,15113,1
48,15141,1
48,15194,22
48,15197,1
48,15352,1
48,15374,1
48,15421,1
48,15441,3
48,15445,1
48,15652,2
48,15669,1
48,15704,1
48,15705,1
48,15707,1
48,15709,1
48,15806,12
48,15849,1
48,15857,1
48,15977,5
48,16015,1
48,16050,1
48,16127,6
48,16129,6
48,16131,1
48,16133,1
48,16180,3
48,16206,3
48,16211,1
48,16220,2
48,16236,1
48,16367,2
48,16389,1
48,16586,1
48,16623,1
48,16637,6
48,16645,1
48,16659,1
48,16676,2
48,16692,1
48,16725,5
48,16737,1
48,16746,1
48,16753,1
48,16820,1
48,16884,1
48,16994,1
48,17027,2
48,17109,1
48,17118,1
48,17121,1
48,17132,1
48,17190,1
48,17232,1
48,17305,4
48,17310,1
48,17313,1
48,17315,1
48,17328,6
48,17344,1
48,17374,2
48,17437,1
48,17541,1
48,17578,2
48,17639,1
48,17646,1
48,17701,2
48,17702,1
48,17758,1
48,17762,3
48,17816,1
48,17863,2
48,17882,2
48,17904,5
48,17921,1
48,17938,1
48,17953,1
48,18057,1
48,18064,7
48,18084,1
48,18099,2
48,18224,1
48,18225,3
48,18312,1
48,18360,1
48,18480,6
48,18496,1
48,18580,1
48,18602,1
48,18614,2
48,18800,2
48,18820,5
48,18827,8
48,18834,1
48,18842,2
48,18854,1
48,18882,3
48,18919,2
48,18954,1
48,18975,1
48,19037,1
48,19042,1
48,19055,1
48,19056,1
48,19066,3
48,19097,3
48,19120,1
48,19126,2
48,19130,1
48,19252,3
48,19312,1
48,19314,2
48,19331,1
48,19343,1
48,19357,1
48,19375,6
48,19391,1
48,19439,7
48,19452,1
48,19471,1
48,19550,1
48,19647,3
48,19688,2
48,19739,1
48,19774,1
48,19797,1
48,19801,1
48,19806,1
48,19810,1
48,19905,1
48,19925,1
48,19968,1
48,20027,5
48,20032,1
48,20035,1
48,20060,1
48,20065,1
48,20101,4
48,20128,1
48,20176,1
48,20181,1
48,20330,2
48,20368,1
48,20397,12
48,20398,1
48,20528,1
48,20786,8
48,20925,4
48,20974,1
48,20976,1
48,20998,2
48,21074,1
48,21194,2
48,21201,2
48,21228,1
48,21231,4
48,21239,2
48,21309,7
48,21331,1
48,21368,3
48,21376,1
48,21390,1
48,21392,1
48,21424,1
48,21433,3
48,21454,1
48,21457,1
48,21505,1
48,21508,1
48,21514,1
48,21592,1
48,21643,3
48,21647,1
48,21697,1
48,21709,3
48,21711,7
48,21776,1
48,21777,2
48,21823,3
48,21838,1
48,21843,1
48,22312,2
48,22358,8
48,22360,1
48,22372,3
48,22380,1
48,22529,1
48,22765,1
48,22835,1
48,22951,1
48,22954,4
48,23007,4
48,23025,1
48,23034,8
48,23084,2
48,23087,1
48,23113,3
48,23324,1
48,23333,4
48,23336,2
48,23382,2
48,23416,4
48,23460,4
48,23463,1
48,23478,1
48,23485,1
48,23600,1
48,23635,5
48,23650,1
48,23658,1
48,23818,1
49,745,1
49,2277,1
49,3857,1
49,4276,1
49,4529,1
49,5261,2
49,5262,2
49,9650,1
49,9842,1
49,10501,1
49,11476,1
49,12435,1
49,12923,1
49,16708,1
49,16737,1
49,16994,1
49,18602,1
49,19204,1
49,20400,1
49,20510,2
49,20946,1
49,20947,1
49,22401,1
49,22769,1
49,23068,1
49,23196,1
49,23440,1
49,23508,1
49,23635,1
